Workbook

Sheet Data
B2: ■ 한국맥널티㈜ 커피사업부 수금현황보고
B3: =TODAY()-1 -> 46272
B4: =NOW() -> 46273.599 | E4: 전월 마감 현황 | J4: =SUM($J$6:$J$10000)=SUMIFS(거래명세서품목조회!AN:AN, 거래명세서품목조회!G:G, ">="&(EOMONTH($B$3, -1)+1), 거래명세서품목조회!G:G, "<="&EOMONTH($B$3, 0)) -> TRUE | R4: *해외 음수 발생월 세부내역 확인 필수*
B5: 거래처명 | C5: 부서 | D5: 담당자 | E5: 이월잔액 | F5: 차변 | G5: 대변 | H5: 전월 미수액 | I5: =MONTH(B3) -> 9 | J5: =MONTH(B3) -> 9 | K5: 당월 수금액 | L5: 현 기준 잔액 | M5: 30일 이상 장기 미매출잔액 | N5: =J5 -> 9 | O5: =N5-1 -> 8 | P5: =O5-1 -> 7 | Q5: =P5-1 -> 6 | R5: 국내/외화
B6: {=_xlfn.UNIQUE(_xlfn._xlws.FILTER(_xlfn.VSTACK(거래명세서품목조회!BX2:BX99987, '관리항목계정별잔액조회(전월)'!C2:C99994,'관리항목계정별잔액조회(전전월)'!C2:C99994, '입금다중입력(잔액기준)'!E2:E50), _xlfn.VSTACK(거래명세서품목조회!BX2:BX99987, '관리항목계정별잔액조회(전월)'!C2:C99994,'관리항목계정별잔액조회(전전월)'!C2:C99994, '입금다중입력(잔액기준)'!E2:E50)<>""))} -> 디엔메디 | C6: =IFERROR(VLOOKUP(B6,거래처별담당자!C:F,4,0), "#미등록") -> CSO팀 | D6: =IF(ISNUMBER(SEARCH("애터미_수출",B6)),"애터미_수출",IF(ISNUMBER(SEARCH("애터미",B6)),"애터미",IF(ISNUMBER(SEARCH("매나테크",B6)),"매나테크",IF(ISNUMBER(SEARCH("Mannatech, Incorporated",B6)),"매나테크",IFERROR(VLOOKUP(B6,거래처별담당자!C:F,3,0),"#미등록"))))) -> 김화니 | E6: =SUMIF('관리항목계정별잔액조회(전월)'!$C:$C,B6,'관리항목계정별잔액조회(전월)'!$D:$D) -> 17894198 | F6: =SUMIF('관리항목계정별잔액조회(전월)'!$C:$C,B6,'관리항목계정별잔액조회(전월)'!$E:$E) -> 10692000 | G6: =SUMIF('관리항목계정별잔액조회(전월)'!$C:$C,B6,'관리항목계정별잔액조회(전월)'!$F:$F) -> 17894200 | H6: =SUMIF('관리항목계정별잔액조회(전월)'!$C:$C,B6,'관리항목계정별잔액조회(전월)'!$G:$G) -> 10691998 | I6: =SUMIFS(거래명세서품목조회!BK:BK, 거래명세서품목조회!BX:BX, B6, 거래명세서품목조회!G:G, "<"&(EOMONTH($B$3, -1)+1))+SUMIFS(부서별전표작성조회!$I:$I,부서별전표작성조회!$AG:$AG,B6,부서별전표작성조회!$F:$F,"국내외상매출금",부서별전표작성조회!$V:$V,"") -> 0 | J6: =SUMIFS(거래명세서품목조회!AN:AN, 거래명세서품목조회!BX:BX, B6, 거래명세서품목조회!G:G, ">="&(EOMONTH($B$3, -1)+1), 거래명세서품목조회!G:G, "<="&EOMONTH($B$3, 0)) -> 0 | K6: =SUMIFS('입금다중입력(잔액기준)'!$O:$O, '입금다중입력(잔액기준)'!$E:$E, B6, '입금다중입력(잔액기준)'!$M:$M, "국내외상매출금") -> 0 | L6: =IFERROR(H6+I6+J6-K6,0) -> 10691998 | M6: =SUMIFS(거래명세서품목조회!BK:BK, 거래명세서품목조회!BX:BX, B6, 거래명세서품목조회!G:G, "<="&(INT($B$4)-30)) -> 0 | N6: =MIN(L6, I6+J6) -> 0 | O6: =MIN(MAX(0, L6-N6), F6) -> 10691998 | P6: =MIN(MAX(0, L6-N6-O6), IFERROR(VLOOKUP(B6, '관리항목계정별잔액조회(전전월)'!$C:$E, 3, FALSE), 0)) -> 0 | Q6: =IF(H6=0, 0, MAX(0, L6-N6-O6-P6)) -> 0 | R6: =IF((COUNTIFS('관리항목계정별잔액조회(전월)'!$C:$C, B6, '관리항목계정별잔액조회(전월)'!$B:$B, "외화외상매출금") + COUNTIFS('관리항목계정별잔액조회(전전월)'!$C:$C, B6, '관리항목계정별잔액조회(전전월)'!$B:$B, "외화외상매출금")) > 0, "외화", "국내") -> 국내
B7: 동원약품남부 | C7: =IFERROR(VLOOKUP(B7,거래처별담당자!C:F,4,0), "#미등록") -> CSO팀 | D7: =IF(ISNUMBER(SEARCH("애터미_수출",B7)),"애터미_수출",IF(ISNUMBER(SEARCH("애터미",B7)),"애터미",IF(ISNUMBER(SEARCH("매나테크",B7)),"매나테크",IF(ISNUMBER(SEARCH("Mannatech, Incorporated",B7)),"매나테크",IFERROR(VLOOKUP(B7,거래처별담당자!C:F,3,0),"#미등록"))))) -> 김화니 | E7: =SUMIF('관리항목계정별잔액조회(전월)'!$C:$C,B7,'관리항목계정별잔액조회(전월)'!$D:$D) -> 9026760 | F7: =SUMIF('관리항목계정별잔액조회(전월)'!$C:$C,B7,'관리항목계정별잔액조회(전월)'!$E:$E) -> 3945150 | G7: =SUMIF('관리항목계정별잔액조회(전월)'!$C:$C,B7,'관리항목계정별잔액조회(전월)'!$F:$F) -> 7064280 | H7: =SUMIF('관리항목계정별잔액조회(전월)'!$C:$C,B7,'관리항목계정별잔액조회(전월)'!$G:$G) -> 5907630 | I7: =SUMIFS(거래명세서품목조회!BK:BK, 거래명세서품목조회!BX:BX, B7, 거래명세서품목조회!G:G, "<"&(EOMONTH($B$3, -1)+1))+SUMIFS(부서별전표작성조회!$I:$I,부서별전표작성조회!$AG:$AG,B7,부서별전표작성조회!$F:$F,"국내외상매출금",부서별전표작성조회!$V:$V,"") -> 0 | J7: =SUMIFS(거래명세서품목조회!AN:AN, 거래명세서품목조회!BX:BX, B7, 거래명세서품목조회!G:G, ">="&(EOMONTH($B$3, -1)+1), 거래명세서품목조회!G:G, "<="&EOMONTH($B$3, 0)) -> 0 | K7: =SUMIFS('입금다중입력(잔액기준)'!$O:$O, '입금다중입력(잔액기준)'!$E:$E, B7, '입금다중입력(잔액기준)'!$M:$M, "국내외상매출금") -> 0 | L7: =IFERROR(H7+I7+J7-K7,0) -> 5907630 | M7: =SUMIFS(거래명세서품목조회!BK:BK, 거래명세서품목조회!BX:BX, B7, 거래명세서품목조회!G:G, "<="&(INT($B$4)-30)) -> 0 | N7: =MIN(L7, I7+J7) -> 0 | O7: =MIN(MAX(0, L7-N7), F7) -> 3945150 | P7: =MIN(MAX(0, L7-N7-O7), IFERROR(VLOOKUP(B7, '관리항목계정별잔액조회(전전월)'!$C:$E, 3, FALSE), 0)) -> 1962480 | Q7: =IF(H7=0, 0, MAX(0, L7-N7-O7-P7)) -> 0 | R7: =IF((COUNTIFS('관리항목계정별잔액조회(전월)'!$C:$C, B7, '관리항목계정별잔액조회(전월)'!$B:$B, "외화외상매출금") + COUNTIFS('관리항목계정별잔액조회(전전월)'!$C:$C, B7, '관리항목계정별잔액조회(전전월)'!$B:$B, "외화외상매출금")) > 0, "외화", "국내") -> 국내
B8: 와이케이팜 | C8: =IFERROR(VLOOKUP(B8,거래처별담당자!C:F,4,0), "#미등록") -> CSO팀 | D8: =IF(ISNUMBER(SEARCH("애터미_수출",B8)),"애터미_수출",IF(ISNUMBER(SEARCH("애터미",B8)),"애터미",IF(ISNUMBER(SEARCH("매나테크",B8)),"매나테크",IF(ISNUMBER(SEARCH("Mannatech, Incorporated",B8)),"매나테크",IFERROR(VLOOKUP(B8,거래처별담당자!C:F,3,0),"#미등록"))))) -> 김화니 | E8: =SUMIF('관리항목계정별잔액조회(전월)'!$C:$C,B8,'관리항목계정별잔액조회(전월)'!$D:$D) -> 7779744 | F8: =SUMIF('관리항목계정별잔액조회(전월)'!$C:$C,B8,'관리항목계정별잔액조회(전월)'!$E:$E) -> 5720400 | G8: =SUMIF('관리항목계정별잔액조회(전월)'!$C:$C,B8,'관리항목계정별잔액조회(전월)'!$F:$F) -> 7779744 | H8: =SUMIF('관리항목계정별잔액조회(전월)'!$C:$C,B8,'관리항목계정별잔액조회(전월)'!$G:$G) -> 5720400 | I8: =SUMIFS(거래명세서품목조회!BK:BK, 거래명세서품목조회!BX:BX, B8, 거래명세서품목조회!G:G, "<"&(EOMONTH($B$3, -1)+1))+SUMIFS(부서별전표작성조회!$I:$I,부서별전표작성조회!$AG:$AG,B8,부서별전표작성조회!$F:$F,"국내외상매출금",부서별전표작성조회!$V:$V,"") -> 0 | J8: =SUMIFS(거래명세서품목조회!AN:AN, 거래명세서품목조회!BX:BX, B8, 거래명세서품목조회!G:G, ">="&(EOMONTH($B$3, -1)+1), 거래명세서품목조회!G:G, "<="&EOMONTH($B$3, 0)) -> 0 | K8: =SUMIFS('입금다중입력(잔액기준)'!$O:$O, '입금다중입력(잔액기준)'!$E:$E, B8, '입금다중입력(잔액기준)'!$M:$M, "국내외상매출금") -> 0 | L8: =IFERROR(H8+I8+J8-K8,0) -> 5720400 | M8: =SUMIFS(거래명세서품목조회!BK:BK, 거래명세서품목조회!BX:BX, B8, 거래명세서품목조회!G:G, "<="&(INT($B$4)-30)) -> 0 | N8: =MIN(L8, I8+J8) -> 0 | O8: =MIN(MAX(0, L8-N8), F8) -> 5720400 | P8: =MIN(MAX(0, L8-N8-O8), IFERROR(VLOOKUP(B8, '관리항목계정별잔액조회(전전월)'!$C:$E, 3, FALSE), 0)) -> 0 | Q8: =IF(H8=0, 0, MAX(0, L8-N8-O8-P8)) -> 0 | R8: =IF((COUNTIFS('관리항목계정별잔액조회(전월)'!$C:$C, B8, '관리항목계정별잔액조회(전월)'!$B:$B, "외화외상매출금") + COUNTIFS('관리항목계정별잔액조회(전전월)'!$C:$C, B8, '관리항목계정별잔액조회(전전월)'!$B:$B, "외화외상매출금")) > 0, "외화", "국내") -> 국내
B9: 우주약품 | C9: =IFERROR(VLOOKUP(B9,거래처별담당자!C:F,4,0), "#미등록") -> CSO팀 | D9: =IF(ISNUMBER(SEARCH("애터미_수출",B9)),"애터미_수출",IF(ISNUMBER(SEARCH("애터미",B9)),"애터미",IF(ISNUMBER(SEARCH("매나테크",B9)),"매나테크",IF(ISNUMBER(SEARCH("Mannatech, Incorporated",B9)),"매나테크",IFERROR(VLOOKUP(B9,거래처별담당자!C:F,3,0),"#미등록"))))) -> 김화니 | E9: =SUMIF('관리항목계정별잔액조회(전월)'!$C:$C,B9,'관리항목계정별잔액조회(전월)'!$D:$D) -> 3567780 | F9: =SUMIF('관리항목계정별잔액조회(전월)'!$C:$C,B9,'관리항목계정별잔액조회(전월)'!$E:$E) -> 3833190 | G9: =SUMIF('관리항목계정별잔액조회(전월)'!$C:$C,B9,'관리항목계정별잔액조회(전월)'!$F:$F) -> 3567780 | H9: =SUMIF('관리항목계정별잔액조회(전월)'!$C:$C,B9,'관리항목계정별잔액조회(전월)'!$G:$G) -> 3833190 | I9: =SUMIFS(거래명세서품목조회!BK:BK, 거래명세서품목조회!BX:BX, B9, 거래명세서품목조회!G:G, "<"&(EOMONTH($B$3, -1)+1))+SUMIFS(부서별전표작성조회!$I:$I,부서별전표작성조회!$AG:$AG,B9,부서별전표작성조회!$F:$F,"국내외상매출금",부서별전표작성조회!$V:$V,"") -> 0 | J9: =SUMIFS(거래명세서품목조회!AN:AN, 거래명세서품목조회!BX:BX, B9, 거래명세서품목조회!G:G, ">="&(EOMONTH($B$3, -1)+1), 거래명세서품목조회!G:G, "<="&EOMONTH($B$3, 0)) -> 0 | K9: =SUMIFS('입금다중입력(잔액기준)'!$O:$O, '입금다중입력(잔액기준)'!$E:$E, B9, '입금다중입력(잔액기준)'!$M:$M, "국내외상매출금") -> 0 | L9: =IFERROR(H9+I9+J9-K9,0) -> 3833190 | M9: =SUMIFS(거래명세서품목조회!BK:BK, 거래명세서품목조회!BX:BX, B9, 거래명세서품목조회!G:G, "<="&(INT($B$4)-30)) -> 0 | N9: =MIN(L9, I9+J9) -> 0 | O9: =MIN(MAX(0, L9-N9), F9) -> 3833190 | P9: =MIN(MAX(0, L9-N9-O9), IFERROR(VLOOKUP(B9, '관리항목계정별잔액조회(전전월)'!$C:$E, 3, FALSE), 0)) -> 0 | Q9: =IF(H9=0, 0, MAX(0, L9-N9-O9-P9)) -> 0 | R9: =IF((COUNTIFS('관리항목계정별잔액조회(전월)'!$C:$C, B9, '관리항목계정별잔액조회(전월)'!$B:$B, "외화외상매출금") + COUNTIFS('관리항목계정별잔액조회(전전월)'!$C:$C, B9, '관리항목계정별잔액조회(전전월)'!$B:$B, "외화외상매출금")) > 0, "외화", "국내") -> 국내
B10: 백제약품전주지점 | C10: =IFERROR(VLOOKUP(B10,거래처별담당자!C:F,4,0), "#미등록") -> CSO팀 | D10: =IF(ISNUMBER(SEARCH("애터미_수출",B10)),"애터미_수출",IF(ISNUMBER(SEARCH("애터미",B10)),"애터미",IF(ISNUMBER(SEARCH("매나테크",B10)),"매나테크",IF(ISNUMBER(SEARCH("Mannatech, Incorporated",B10)),"매나테크",IFERROR(VLOOKUP(B10,거래처별담당자!C:F,3,0),"#미등록"))))) -> 김화니 | E10: =SUMIF('관리항목계정별잔액조회(전월)'!$C:$C,B10,'관리항목계정별잔액조회(전월)'!$D:$D) -> 15674593 | F10: =SUMIF('관리항목계정별잔액조회(전월)'!$C:$C,B10,'관리항목계정별잔액조회(전월)'!$E:$E) -> 16733331 | G10: =SUMIF('관리항목계정별잔액조회(전월)'!$C:$C,B10,'관리항목계정별잔액조회(전월)'!$F:$F) -> 15680000 | H10: =SUMIF('관리항목계정별잔액조회(전월)'!$C:$C,B10,'관리항목계정별잔액조회(전월)'!$G:$G) -> 16727924 | I10: =SUMIFS(거래명세서품목조회!BK:BK, 거래명세서품목조회!BX:BX, B10, 거래명세서품목조회!G:G, "<"&(EOMONTH($B$3, -1)+1))+SUMIFS(부서별전표작성조회!$I:$I,부서별전표작성조회!$AG:$AG,B10,부서별전표작성조회!$F:$F,"국내외상매출금",부서별전표작성조회!$V:$V,"") -> 0 | J10: =SUMIFS(거래명세서품목조회!AN:AN, 거래명세서품목조회!BX:BX, B10, 거래명세서품목조회!G:G, ">="&(EOMONTH($B$3, -1)+1), 거래명세서품목조회!G:G, "<="&EOMONTH($B$3, 0)) -> 0 | K10: =SUMIFS('입금다중입력(잔액기준)'!$O:$O, '입금다중입력(잔액기준)'!$E:$E, B10, '입금다중입력(잔액기준)'!$M:$M, "국내외상매출금") -> 0 | L10: =IFERROR(H10+I10+J10-K10,0) -> 16727924 | M10: =SUMIFS(거래명세서품목조회!BK:BK, 거래명세서품목조회!BX:BX, B10, 거래명세서품목조회!G:G, "<="&(INT($B$4)-30)) -> 0 | N10: =MIN(L10, I10+J10) -> 0 | O10: =MIN(MAX(0, L10-N10), F10) -> 16727924 | P10: =MIN(MAX(0, L10-N10-O10), IFERROR(VLOOKUP(B10, '관리항목계정별잔액조회(전전월)'!$C:$E, 3, FALSE), 0)) -> 0 | Q10: =IF(H10=0, 0, MAX(0, L10-N10-O10-P10)) -> 0 | R10: =IF((COUNTIFS('관리항목계정별잔액조회(전월)'!$C:$C, B10, '관리항목계정별잔액조회(전월)'!$B:$B, "외화외상매출금") + COUNTIFS('관리항목계정별잔액조회(전전월)'!$C:$C, B10, '관리항목계정별잔액조회(전전월)'!$B:$B, "외화외상매출금")) > 0, "외화", "국내") -> 국내
B11: 예일선 | C11: =IFERROR(VLOOKUP(B11,거래처별담당자!C:F,4,0), "#미등록") -> CSO팀 | D11: =IF(ISNUMBER(SEARCH("애터미_수출",B11)),"애터미_수출",IF(ISNUMBER(SEARCH("애터미",B11)),"애터미",IF(ISNUMBER(SEARCH("매나테크",B11)),"매나테크",IF(ISNUMBER(SEARCH("Mannatech, Incorporated",B11)),"매나테크",IFERROR(VLOOKUP(B11,거래처별담당자!C:F,3,0),"#미등록"))))) -> 김화니 | E11: =SUMIF('관리항목계정별잔액조회(전월)'!$C:$C,B11,'관리항목계정별잔액조회(전월)'!$D:$D) -> 47326141 | F11: =SUMIF('관리항목계정별잔액조회(전월)'!$C:$C,B11,'관리항목계정별잔액조회(전월)'!$E:$E) -> 42297912 | G11: =SUMIF('관리항목계정별잔액조회(전월)'!$C:$C,B11,'관리항목계정별잔액조회(전월)'!$F:$F) -> 47326144 | H11: =SUMIF('관리항목계정별잔액조회(전월)'!$C:$C,B11,'관리항목계정별잔액조회(전월)'!$G:$G) -> 42297909 | I11: =SUMIFS(거래명세서품목조회!BK:BK, 거래명세서품목조회!BX:BX, B11, 거래명세서품목조회!G:G, "<"&(EOMONTH($B$3, -1)+1))+SUMIFS(부서별전표작성조회!$I:$I,부서별전표작성조회!$AG:$AG,B11,부서별전표작성조회!$F:$F,"국내외상매출금",부서별전표작성조회!$V:$V,"") -> 0 | J11: =SUMIFS(거래명세서품목조회!AN:AN, 거래명세서품목조회!BX:BX, B11, 거래명세서품목조회!G:G, ">="&(EOMONTH($B$3, -1)+1), 거래명세서품목조회!G:G, "<="&EOMONTH($B$3, 0)) -> 0 | K11: =SUMIFS('입금다중입력(잔액기준)'!$O:$O, '입금다중입력(잔액기준)'!$E:$E, B11, '입금다중입력(잔액기준)'!$M:$M, "국내외상매출금") -> 0 | L11: =IFERROR(H11+I11+J11-K11,0) -> 42297909 | M11: =SUMIFS(거래명세서품목조회!BK:BK, 거래명세서품목조회!BX:BX, B11, 거래명세서품목조회!G:G, "<="&(INT($B$4)-30)) -> 0 | N11: =MIN(L11, I11+J11) -> 0 | O11: =MIN(MAX(0, L11-N11), F11) -> 42297909 | P11: =MIN(MAX(0, L11-N11-O11), IFERROR(VLOOKUP(B11, '관리항목계정별잔액조회(전전월)'!$C:$E, 3, FALSE), 0)) -> 0 | Q11: =IF(H11=0, 0, MAX(0, L11-N11-O11-P11)) -> 0 | R11: =IF((COUNTIFS('관리항목계정별잔액조회(전월)'!$C:$C, B11, '관리항목계정별잔액조회(전월)'!$B:$B, "외화외상매출금") + COUNTIFS('관리항목계정별잔액조회(전전월)'!$C:$C, B11, '관리항목계정별잔액조회(전전월)'!$B:$B, "외화외상매출금")) > 0, "외화", "국내") -> 국내
B12: 훈민약품 | C12: =IFERROR(VLOOKUP(B12,거래처별담당자!C:F,4,0), "#미등록") -> CSO팀 | D12: =IF(ISNUMBER(SEARCH("애터미_수출",B12)),"애터미_수출",IF(ISNUMBER(SEARCH("애터미",B12)),"애터미",IF(ISNUMBER(SEARCH("매나테크",B12)),"매나테크",IF(ISNUMBER(SEARCH("Mannatech, Incorporated",B12)),"매나테크",IFERROR(VLOOKUP(B12,거래처별담당자!C:F,3,0),"#미등록"))))) -> 김화니 | E12: =SUMIF('관리항목계정별잔액조회(전월)'!$C:$C,B12,'관리항목계정별잔액조회(전월)'!$D:$D) -> 435600 | F12: =SUMIF('관리항목계정별잔액조회(전월)'!$C:$C,B12,'관리항목계정별잔액조회(전월)'!$E:$E) -> 732600 | G12: =SUMIF('관리항목계정별잔액조회(전월)'!$C:$C,B12,'관리항목계정별잔액조회(전월)'!$F:$F) -> 435600 | H12: =SUMIF('관리항목계정별잔액조회(전월)'!$C:$C,B12,'관리항목계정별잔액조회(전월)'!$G:$G) -> 732600 | I12: =SUMIFS(거래명세서품목조회!BK:BK, 거래명세서품목조회!BX:BX, B12, 거래명세서품목조회!G:G, "<"&(EOMONTH($B$3, -1)+1))+SUMIFS(부서별전표작성조회!$I:$I,부서별전표작성조회!$AG:$AG,B12,부서별전표작성조회!$F:$F,"국내외상매출금",부서별전표작성조회!$V:$V,"") -> 0 | J12: =SUMIFS(거래명세서품목조회!AN:AN, 거래명세서품목조회!BX:BX, B12, 거래명세서품목조회!G:G, ">="&(EOMONTH($B$3, -1)+1), 거래명세서품목조회!G:G, "<="&EOMONTH($B$3, 0)) -> 0 | K12: =SUMIFS('입금다중입력(잔액기준)'!$O:$O, '입금다중입력(잔액기준)'!$E:$E, B12, '입금다중입력(잔액기준)'!$M:$M, "국내외상매출금") -> 0 | L12: =IFERROR(H12+I12+J12-K12,0) -> 732600 | M12: =SUMIFS(거래명세서품목조회!BK:BK, 거래명세서품목조회!BX:BX, B12, 거래명세서품목조회!G:G, "<="&(INT($B$4)-30)) -> 0 | N12: =MIN(L12, I12+J12) -> 0 | O12: =MIN(MAX(0, L12-N12), F12) -> 732600 | P12: =MIN(MAX(0, L12-N12-O12), IFERROR(VLOOKUP(B12, '관리항목계정별잔액조회(전전월)'!$C:$E, 3, FALSE), 0)) -> 0 | Q12: =IF(H12=0, 0, MAX(0, L12-N12-O12-P12)) -> 0 | R12: =IF((COUNTIFS('관리항목계정별잔액조회(전월)'!$C:$C, B12, '관리항목계정별잔액조회(전월)'!$B:$B, "외화외상매출금") + COUNTIFS('관리항목계정별잔액조회(전전월)'!$C:$C, B12, '관리항목계정별잔액조회(전전월)'!$B:$B, "외화외상매출금")) > 0, "외화", "국내") -> 국내
B13: 에스바이오 | C13: =IFERROR(VLOOKUP(B13,거래처별담당자!C:F,4,0), "#미등록") -> CSO팀 | D13: =IF(ISNUMBER(SEARCH("애터미_수출",B13)),"애터미_수출",IF(ISNUMBER(SEARCH("애터미",B13)),"애터미",IF(ISNUMBER(SEARCH("매나테크",B13)),"매나테크",IF(ISNUMBER(SEARCH("Mannatech, Incorporated",B13)),"매나테크",IFERROR(VLOOKUP(B13,거래처별담당자!C:F,3,0),"#미등록"))))) -> 김화니 | E13: =SUMIF('관리항목계정별잔액조회(전월)'!$C:$C,B13,'관리항목계정별잔액조회(전월)'!$D:$D) -> 11092676 | F13: =SUMIF('관리항목계정별잔액조회(전월)'!$C:$C,B13,'관리항목계정별잔액조회(전월)'!$E:$E) -> 7434634 | G13: =SUMIF('관리항목계정별잔액조회(전월)'!$C:$C,B13,'관리항목계정별잔액조회(전월)'!$F:$F) -> 16280640 | H13: =SUMIF('관리항목계정별잔액조회(전월)'!$C:$C,B13,'관리항목계정별잔액조회(전월)'!$G:$G) -> 2246670 | I13: =SUMIFS(거래명세서품목조회!BK:BK, 거래명세서품목조회!BX:BX, B13, 거래명세서품목조회!G:G, "<"&(EOMONTH($B$3, -1)+1))+SUMIFS(부서별전표작성조회!$I:$I,부서별전표작성조회!$AG:$AG,B13,부서별전표작성조회!$F:$F,"국내외상매출금",부서별전표작성조회!$V:$V,"") -> 0 | J13: =SUMIFS(거래명세서품목조회!AN:AN, 거래명세서품목조회!BX:BX, B13, 거래명세서품목조회!G:G, ">="&(EOMONTH($B$3, -1)+1), 거래명세서품목조회!G:G, "<="&EOMONTH($B$3, 0)) -> 0 | K13: =SUMIFS('입금다중입력(잔액기준)'!$O:$O, '입금다중입력(잔액기준)'!$E:$E, B13, '입금다중입력(잔액기준)'!$M:$M, "국내외상매출금") -> 0 | L13: =IFERROR(H13+I13+J13-K13,0) -> 2246670 | M13: =SUMIFS(거래명세서품목조회!BK:BK, 거래명세서품목조회!BX:BX, B13, 거래명세서품목조회!G:G, "<="&(INT($B$4)-30)) -> 0 | N13: =MIN(L13, I13+J13) -> 0 | O13: =MIN(MAX(0, L13-N13), F13) -> 2246670 | P13: =MIN(MAX(0, L13-N13-O13), IFERROR(VLOOKUP(B13, '관리항목계정별잔액조회(전전월)'!$C:$E, 3, FALSE), 0)) -> 0 | Q13: =IF(H13=0, 0, MAX(0, L13-N13-O13-P13)) -> 0 | R13: =IF((COUNTIFS('관리항목계정별잔액조회(전월)'!$C:$C, B13, '관리항목계정별잔액조회(전월)'!$B:$B, "외화외상매출금") + COUNTIFS('관리항목계정별잔액조회(전전월)'!$C:$C, B13, '관리항목계정별잔액조회(전전월)'!$B:$B, "외화외상매출금")) > 0, "외화", "국내") -> 국내
B14: 백제약품광주 | C14: =IFERROR(VLOOKUP(B14,거래처별담당자!C:F,4,0), "#미등록") -> CSO팀 | D14: =IF(ISNUMBER(SEARCH("애터미_수출",B14)),"애터미_수출",IF(ISNUMBER(SEARCH("애터미",B14)),"애터미",IF(ISNUMBER(SEARCH("매나테크",B14)),"매나테크",IF(ISNUMBER(SEARCH("Mannatech, Incorporated",B14)),"매나테크",IFERROR(VLOOKUP(B14,거래처별담당자!C:F,3,0),"#미등록"))))) -> 김화니 | E14: =SUMIF('관리항목계정별잔액조회(전월)'!$C:$C,B14,'관리항목계정별잔액조회(전월)'!$D:$D) -> 17012960 | F14: =SUMIF('관리항목계정별잔액조회(전월)'!$C:$C,B14,'관리항목계정별잔액조회(전월)'!$E:$E) -> 12523410 | G14: =SUMIF('관리항목계정별잔액조회(전월)'!$C:$C,B14,'관리항목계정별잔액조회(전월)'!$F:$F) -> 17012970 | H14: =SUMIF('관리항목계정별잔액조회(전월)'!$C:$C,B14,'관리항목계정별잔액조회(전월)'!$G:$G) -> 12523400 | I14: =SUMIFS(거래명세서품목조회!BK:BK, 거래명세서품목조회!BX:BX, B14, 거래명세서품목조회!G:G, "<"&(EOMONTH($B$3, -1)+1))+SUMIFS(부서별전표작성조회!$I:$I,부서별전표작성조회!$AG:$AG,B14,부서별전표작성조회!$F:$F,"국내외상매출금",부서별전표작성조회!$V:$V,"") -> 0 | J14: =SUMIFS(거래명세서품목조회!AN:AN, 거래명세서품목조회!BX:BX, B14, 거래명세서품목조회!G:G, ">="&(EOMONTH($B$3, -1)+1), 거래명세서품목조회!G:G, "<="&EOMONTH($B$3, 0)) -> 0 | K14: =SUMIFS('입금다중입력(잔액기준)'!$O:$O, '입금다중입력(잔액기준)'!$E:$E, B14, '입금다중입력(잔액기준)'!$M:$M, "국내외상매출금") -> 0 | L14: =IFERROR(H14+I14+J14-K14,0) -> 12523400 | M14: =SUMIFS(거래명세서품목조회!BK:BK, 거래명세서품목조회!BX:BX, B14, 거래명세서품목조회!G:G, "<="&(INT($B$4)-30)) -> 0 | N14: =MIN(L14, I14+J14) -> 0 | O14: =MIN(MAX(0, L14-N14), F14) -> 12523400 | P14: =MIN(MAX(0, L14-N14-O14), IFERROR(VLOOKUP(B14, '관리항목계정별잔액조회(전전월)'!$C:$E, 3, FALSE), 0)) -> 0 | Q14: =IF(H14=0, 0, MAX(0, L14-N14-O14-P14)) -> 0 | R14: =IF((COUNTIFS('관리항목계정별잔액조회(전월)'!$C:$C, B14, '관리항목계정별잔액조회(전월)'!$B:$B, "외화외상매출금") + COUNTIFS('관리항목계정별잔액조회(전전월)'!$C:$C, B14, '관리항목계정별잔액조회(전전월)'!$B:$B, "외화외상매출금")) > 0, "외화", "국내") -> 국내
B15: 강원지오영 | C15: =IFERROR(VLOOKUP(B15,거래처별담당자!C:F,4,0), "#미등록") -> CSO팀 | D15: =IF(ISNUMBER(SEARCH("애터미_수출",B15)),"애터미_수출",IF(ISNUMBER(SEARCH("애터미",B15)),"애터미",IF(ISNUMBER(SEARCH("매나테크",B15)),"매나테크",IF(ISNUMBER(SEARCH("Mannatech, Incorporated",B15)),"매나테크",IFERROR(VLOOKUP(B15,거래처별담당자!C:F,3,0),"#미등록"))))) -> 김화니 | E15: =SUMIF('관리항목계정별잔액조회(전월)'!$C:$C,B15,'관리항목계정별잔액조회(전월)'!$D:$D) -> 16094654 | F15: =SUMIF('관리항목계정별잔액조회(전월)'!$C:$C,B15,'관리항목계정별잔액조회(전월)'!$E:$E) -> 9425934 | G15: =SUMIF('관리항목계정별잔액조회(전월)'!$C:$C,B15,'관리항목계정별잔액조회(전월)'!$F:$F) -> 14470184 | H15: =SUMIF('관리항목계정별잔액조회(전월)'!$C:$C,B15,'관리항목계정별잔액조회(전월)'!$G:$G) -> 11050404 | I15: =SUMIFS(거래명세서품목조회!BK:BK, 거래명세서품목조회!BX:BX, B15, 거래명세서품목조회!G:G, "<"&(EOMONTH($B$3, -1)+1))+SUMIFS(부서별전표작성조회!$I:$I,부서별전표작성조회!$AG:$AG,B15,부서별전표작성조회!$F:$F,"국내외상매출금",부서별전표작성조회!$V:$V,"") -> 0 | J15: =SUMIFS(거래명세서품목조회!AN:AN, 거래명세서품목조회!BX:BX, B15, 거래명세서품목조회!G:G, ">="&(EOMONTH($B$3, -1)+1), 거래명세서품목조회!G:G, "<="&EOMONTH($B$3, 0)) -> 0 | K15: =SUMIFS('입금다중입력(잔액기준)'!$O:$O, '입금다중입력(잔액기준)'!$E:$E, B15, '입금다중입력(잔액기준)'!$M:$M, "국내외상매출금") -> 0 | L15: =IFERROR(H15+I15+J15-K15,0) -> 11050404 | M15: =SUMIFS(거래명세서품목조회!BK:BK, 거래명세서품목조회!BX:BX, B15, 거래명세서품목조회!G:G, "<="&(INT($B$4)-30)) -> 0 | N15: =MIN(L15, I15+J15) -> 0 | O15: =MIN(MAX(0, L15-N15), F15) -> 9425934 | P15: =MIN(MAX(0, L15-N15-O15), IFERROR(VLOOKUP(B15, '관리항목계정별잔액조회(전전월)'!$C:$E, 3, FALSE), 0)) -> 1624470 | Q15: =IF(H15=0, 0, MAX(0, L15-N15-O15-P15)) -> 0 | R15: =IF((COUNTIFS('관리항목계정별잔액조회(전월)'!$C:$C, B15, '관리항목계정별잔액조회(전월)'!$B:$B, "외화외상매출금") + COUNTIFS('관리항목계정별잔액조회(전전월)'!$C:$C, B15, '관리항목계정별잔액조회(전전월)'!$B:$B, "외화외상매출금")) > 0, "외화", "국내") -> 국내
B16: 제이씨헬스케어 | C16: =IFERROR(VLOOKUP(B16,거래처별담당자!C:F,4,0), "#미등록") -> CSO팀 | D16: =IF(ISNUMBER(SEARCH("애터미_수출",B16)),"애터미_수출",IF(ISNUMBER(SEARCH("애터미",B16)),"애터미",IF(ISNUMBER(SEARCH("매나테크",B16)),"매나테크",IF(ISNUMBER(SEARCH("Mannatech, Incorporated",B16)),"매나테크",IFERROR(VLOOKUP(B16,거래처별담당자!C:F,3,0),"#미등록"))))) -> 김화니 | E16: =SUMIF('관리항목계정별잔액조회(전월)'!$C:$C,B16,'관리항목계정별잔액조회(전월)'!$D:$D) -> 4536000 | F16: =SUMIF('관리항목계정별잔액조회(전월)'!$C:$C,B16,'관리항목계정별잔액조회(전월)'!$E:$E) -> 6048000 | G16: =SUMIF('관리항목계정별잔액조회(전월)'!$C:$C,B16,'관리항목계정별잔액조회(전월)'!$F:$F) -> 4536000 | H16: =SUMIF('관리항목계정별잔액조회(전월)'!$C:$C,B16,'관리항목계정별잔액조회(전월)'!$G:$G) -> 6048000 | I16: =SUMIFS(거래명세서품목조회!BK:BK, 거래명세서품목조회!BX:BX, B16, 거래명세서품목조회!G:G, "<"&(EOMONTH($B$3, -1)+1))+SUMIFS(부서별전표작성조회!$I:$I,부서별전표작성조회!$AG:$AG,B16,부서별전표작성조회!$F:$F,"국내외상매출금",부서별전표작성조회!$V:$V,"") -> 0 | J16: =SUMIFS(거래명세서품목조회!AN:AN, 거래명세서품목조회!BX:BX, B16, 거래명세서품목조회!G:G, ">="&(EOMONTH($B$3, -1)+1), 거래명세서품목조회!G:G, "<="&EOMONTH($B$3, 0)) -> 0 | K16: =SUMIFS('입금다중입력(잔액기준)'!$O:$O, '입금다중입력(잔액기준)'!$E:$E, B16, '입금다중입력(잔액기준)'!$M:$M, "국내외상매출금") -> 0 | L16: =IFERROR(H16+I16+J16-K16,0) -> 6048000 | M16: =SUMIFS(거래명세서품목조회!BK:BK, 거래명세서품목조회!BX:BX, B16, 거래명세서품목조회!G:G, "<="&(INT($B$4)-30)) -> 0 | N16: =MIN(L16, I16+J16) -> 0 | O16: =MIN(MAX(0, L16-N16), F16) -> 6048000 | P16: =MIN(MAX(0, L16-N16-O16), IFERROR(VLOOKUP(B16, '관리항목계정별잔액조회(전전월)'!$C:$E, 3, FALSE), 0)) -> 0 | Q16: =IF(H16=0, 0, MAX(0, L16-N16-O16-P16)) -> 0 | R16: =IF((COUNTIFS('관리항목계정별잔액조회(전월)'!$C:$C, B16, '관리항목계정별잔액조회(전월)'!$B:$B, "외화외상매출금") + COUNTIFS('관리항목계정별잔액조회(전전월)'!$C:$C, B16, '관리항목계정별잔액조회(전전월)'!$B:$B, "외화외상매출금")) > 0, "외화", "국내") -> 국내
B17: 대경엘씨에스디 | C17: =IFERROR(VLOOKUP(B17,거래처별담당자!C:F,4,0), "#미등록") -> CSO팀 | D17: =IF(ISNUMBER(SEARCH("애터미_수출",B17)),"애터미_수출",IF(ISNUMBER(SEARCH("애터미",B17)),"애터미",IF(ISNUMBER(SEARCH("매나테크",B17)),"매나테크",IF(ISNUMBER(SEARCH("Mannatech, Incorporated",B17)),"매나테크",IFERROR(VLOOKUP(B17,거래처별담당자!C:F,3,0),"#미등록"))))) -> 김화니 | E17: =SUMIF('관리항목계정별잔액조회(전월)'!$C:$C,B17,'관리항목계정별잔액조회(전월)'!$D:$D) -> 16030794 | F17: =SUMIF('관리항목계정별잔액조회(전월)'!$C:$C,B17,'관리항목계정별잔액조회(전월)'!$E:$E) -> 4565925 | G17: =SUMIF('관리항목계정별잔액조회(전월)'!$C:$C,B17,'관리항목계정별잔액조회(전월)'!$F:$F) -> 16030800 | H17: =SUMIF('관리항목계정별잔액조회(전월)'!$C:$C,B17,'관리항목계정별잔액조회(전월)'!$G:$G) -> 4565919 | I17: =SUMIFS(거래명세서품목조회!BK:BK, 거래명세서품목조회!BX:BX, B17, 거래명세서품목조회!G:G, "<"&(EOMONTH($B$3, -1)+1))+SUMIFS(부서별전표작성조회!$I:$I,부서별전표작성조회!$AG:$AG,B17,부서별전표작성조회!$F:$F,"국내외상매출금",부서별전표작성조회!$V:$V,"") -> 0 | J17: =SUMIFS(거래명세서품목조회!AN:AN, 거래명세서품목조회!BX:BX, B17, 거래명세서품목조회!G:G, ">="&(EOMONTH($B$3, -1)+1), 거래명세서품목조회!G:G, "<="&EOMONTH($B$3, 0)) -> 0 | K17: =SUMIFS('입금다중입력(잔액기준)'!$O:$O, '입금다중입력(잔액기준)'!$E:$E, B17, '입금다중입력(잔액기준)'!$M:$M, "국내외상매출금") -> 0 | L17: =IFERROR(H17+I17+J17-K17,0) -> 4565919 | M17: =SUMIFS(거래명세서품목조회!BK:BK, 거래명세서품목조회!BX:BX, B17, 거래명세서품목조회!G:G, "<="&(INT($B$4)-30)) -> 0 | N17: =MIN(L17, I17+J17) -> 0 | O17: =MIN(MAX(0, L17-N17), F17) -> 4565919 | P17: =MIN(MAX(0, L17-N17-O17), IFERROR(VLOOKUP(B17, '관리항목계정별잔액조회(전전월)'!$C:$E, 3, FALSE), 0)) -> 0 | Q17: =IF(H17=0, 0, MAX(0, L17-N17-O17-P17)) -> 0 | R17: =IF((COUNTIFS('관리항목계정별잔액조회(전월)'!$C:$C, B17, '관리항목계정별잔액조회(전월)'!$B:$B, "외화외상매출금") + COUNTIFS('관리항목계정별잔액조회(전전월)'!$C:$C, B17, '관리항목계정별잔액조회(전전월)'!$B:$B, "외화외상매출금")) > 0, "외화", "국내") -> 국내
B18: 지오영 | C18: =IFERROR(VLOOKUP(B18,거래처별담당자!C:F,4,0), "#미등록") -> CSO팀 | D18: =IF(ISNUMBER(SEARCH("애터미_수출",B18)),"애터미_수출",IF(ISNUMBER(SEARCH("애터미",B18)),"애터미",IF(ISNUMBER(SEARCH("매나테크",B18)),"매나테크",IF(ISNUMBER(SEARCH("Mannatech, Incorporated",B18)),"매나테크",IFERROR(VLOOKUP(B18,거래처별담당자!C:F,3,0),"#미등록"))))) -> 김화니 | E18: =SUMIF('관리항목계정별잔액조회(전월)'!$C:$C,B18,'관리항목계정별잔액조회(전월)'!$D:$D) -> 480411806 | F18: =SUMIF('관리항목계정별잔액조회(전월)'!$C:$C,B18,'관리항목계정별잔액조회(전월)'!$E:$E) -> 189271307 | G18: =SUMIF('관리항목계정별잔액조회(전월)'!$C:$C,B18,'관리항목계정별잔액조회(전월)'!$F:$F) -> 230000000 | H18: =SUMIF('관리항목계정별잔액조회(전월)'!$C:$C,B18,'관리항목계정별잔액조회(전월)'!$G:$G) -> 439683113 | I18: =SUMIFS(거래명세서품목조회!BK:BK, 거래명세서품목조회!BX:BX, B18, 거래명세서품목조회!G:G, "<"&(EOMONTH($B$3, -1)+1))+SUMIFS(부서별전표작성조회!$I:$I,부서별전표작성조회!$AG:$AG,B18,부서별전표작성조회!$F:$F,"국내외상매출금",부서별전표작성조회!$V:$V,"") -> 0 | J18: =SUMIFS(거래명세서품목조회!AN:AN, 거래명세서품목조회!BX:BX, B18, 거래명세서품목조회!G:G, ">="&(EOMONTH($B$3, -1)+1), 거래명세서품목조회!G:G, "<="&EOMONTH($B$3, 0)) -> 0 | K18: =SUMIFS('입금다중입력(잔액기준)'!$O:$O, '입금다중입력(잔액기준)'!$E:$E, B18, '입금다중입력(잔액기준)'!$M:$M, "국내외상매출금") -> 0 | L18: =IFERROR(H18+I18+J18-K18,0) -> 439683113 | M18: =SUMIFS(거래명세서품목조회!BK:BK, 거래명세서품목조회!BX:BX, B18, 거래명세서품목조회!G:G, "<="&(INT($B$4)-30)) -> 0 | N18: =MIN(L18, I18+J18) -> 0 | O18: =MIN(MAX(0, L18-N18), F18) -> 189271307 | P18: =MIN(MAX(0, L18-N18-O18), IFERROR(VLOOKUP(B18, '관리항목계정별잔액조회(전전월)'!$C:$E, 3, FALSE), 0)) -> 227338482 | Q18: =IF(H18=0, 0, MAX(0, L18-N18-O18-P18)) -> 23073324 | R18: =IF((COUNTIFS('관리항목계정별잔액조회(전월)'!$C:$C, B18, '관리항목계정별잔액조회(전월)'!$B:$B, "외화외상매출금") + COUNTIFS('관리항목계정별잔액조회(전전월)'!$C:$C, B18, '관리항목계정별잔액조회(전전월)'!$B:$B, "외화외상매출금")) > 0, "외화", "국내") -> 국내
... B118: 메디팜스 | C118: =IFERROR(VLOOKUP(B118,거래처별담당자!C:F,4,0), "#미등록") -> CSO팀 | D118: =IF(ISNUMBER(SEARCH("애터미_수출",B118)),"애터미_수출",IF(ISNUMBER(SEARCH("애터미",B118)),"애터미",IF(ISNUMBER(SEARCH("매나테크",B118)),"매나테크",IF(ISNUMBER(SEARCH("Mannatech, Incorporated",B118)),"매나테크",IFERROR(VLOOKUP(B118,거래처별담당자!C:F,3,0),"#미등록"))))) -> 김화니 | E118: =SUMIF('관리항목계정별잔액조회(전월)'!$C:$C,B118,'관리항목계정별잔액조회(전월)'!$D:$D) -> 0 | F118: =SUMIF('관리항목계정별잔액조회(전월)'!$C:$C,B118,'관리항목계정별잔액조회(전월)'!$E:$E) -> 0 | G118: =SUMIF('관리항목계정별잔액조회(전월)'!$C:$C,B118,'관리항목계정별잔액조회(전월)'!$F:$F) -> 0 | H118: =SUMIF('관리항목계정별잔액조회(전월)'!$C:$C,B118,'관리항목계정별잔액조회(전월)'!$G:$G) -> 0 | I118: =SUMIFS(거래명세서품목조회!BK:BK, 거래명세서품목조회!BX:BX, B118, 거래명세서품목조회!G:G, "<"&(EOMONTH($B$3, -1)+1))+SUMIFS(부서별전표작성조회!$I:$I,부서별전표작성조회!$AG:$AG,B118,부서별전표작성조회!$F:$F,"국내외상매출금",부서별전표작성조회!$V:$V,"") -> 0 | J118: =SUMIFS(거래명세서품목조회!AN:AN, 거래명세서품목조회!BX:BX, B118, 거래명세서품목조회!G:G, ">="&(EOMONTH($B$3, -1)+1), 거래명세서품목조회!G:G, "<="&EOMONTH($B$3, 0)) -> 0 | K118: =SUMIFS('입금다중입력(잔액기준)'!$O:$O, '입금다중입력(잔액기준)'!$E:$E, B118, '입금다중입력(잔액기준)'!$M:$M, "국내외상매출금") -> 0 | L118: =IFERROR(H118+I118+J118-K118,0) -> 0 | M118: =SUMIFS(거래명세서품목조회!BK:BK, 거래명세서품목조회!BX:BX, B118, 거래명세서품목조회!G:G, "<="&(INT($B$4)-30)) -> 0 | N118: =MIN(L118, I118+J118) -> 0 | O118: =MIN(MAX(0, L118-N118), F118) -> 0 | P118: =MIN(MAX(0, L118-N118-O118), IFERROR(VLOOKUP(B118, '관리항목계정별잔액조회(전전월)'!$C:$E, 3, FALSE), 0)) -> 0 | Q118: =IF(H118=0, 0, MAX(0, L118-N118-O118-P118)) -> 0 | R118: =IF((COUNTIFS('관리항목계정별잔액조회(전월)'!$C:$C, B118, '관리항목계정별잔액조회(전월)'!$B:$B, "외화외상매출금") + COUNTIFS('관리항목계정별잔액조회(전전월)'!$C:$C, B118, '관리항목계정별잔액조회(전전월)'!$B:$B, "외화외상매출금")) > 0, "외화", "국내") -> 국내
B119: 명진약품 | C119: =IFERROR(VLOOKUP(B119,거래처별담당자!C:F,4,0), "#미등록") -> CSO팀 | D119: =IF(ISNUMBER(SEARCH("애터미_수출",B119)),"애터미_수출",IF(ISNUMBER(SEARCH("애터미",B119)),"애터미",IF(ISNUMBER(SEARCH("매나테크",B119)),"매나테크",IF(ISNUMBER(SEARCH("Mannatech, Incorporated",B119)),"매나테크",IFERROR(VLOOKUP(B119,거래처별담당자!C:F,3,0),"#미등록"))))) -> 김화니 | E119: =SUMIF('관리항목계정별잔액조회(전월)'!$C:$C,B119,'관리항목계정별잔액조회(전월)'!$D:$D) -> 0 | F119: =SUMIF('관리항목계정별잔액조회(전월)'!$C:$C,B119,'관리항목계정별잔액조회(전월)'!$E:$E) -> 453600 | G119: =SUMIF('관리항목계정별잔액조회(전월)'!$C:$C,B119,'관리항목계정별잔액조회(전월)'!$F:$F) -> 0 | H119: =SUMIF('관리항목계정별잔액조회(전월)'!$C:$C,B119,'관리항목계정별잔액조회(전월)'!$G:$G) -> 453600 | I119: =SUMIFS(거래명세서품목조회!BK:BK, 거래명세서품목조회!BX:BX, B119, 거래명세서품목조회!G:G, "<"&(EOMONTH($B$3, -1)+1))+SUMIFS(부서별전표작성조회!$I:$I,부서별전표작성조회!$AG:$AG,B119,부서별전표작성조회!$F:$F,"국내외상매출금",부서별전표작성조회!$V:$V,"") -> 0 | J119: =SUMIFS(거래명세서품목조회!AN:AN, 거래명세서품목조회!BX:BX, B119, 거래명세서품목조회!G:G, ">="&(EOMONTH($B$3, -1)+1), 거래명세서품목조회!G:G, "<="&EOMONTH($B$3, 0)) -> 0 | K119: =SUMIFS('입금다중입력(잔액기준)'!$O:$O, '입금다중입력(잔액기준)'!$E:$E, B119, '입금다중입력(잔액기준)'!$M:$M, "국내외상매출금") -> 0 | L119: =IFERROR(H119+I119+J119-K119,0) -> 453600 | M119: =SUMIFS(거래명세서품목조회!BK:BK, 거래명세서품목조회!BX:BX, B119, 거래명세서품목조회!G:G, "<="&(INT($B$4)-30)) -> 0 | N119: =MIN(L119, I119+J119) -> 0 | O119: =MIN(MAX(0, L119-N119), F119) -> 453600 | P119: 0 | Q119: =IF(H119=0, 0, MAX(0, L119-N119-O119-P119)) -> 0 | R119: =IF((COUNTIFS('관리항목계정별잔액조회(전월)'!$C:$C, B119, '관리항목계정별잔액조회(전월)'!$B:$B, "외화외상매출금") + COUNTIFS('관리항목계정별잔액조회(전전월)'!$C:$C, B119, '관리항목계정별잔액조회(전전월)'!$B:$B, "외화외상매출금")) > 0, "외화", "국내") -> 국내
B120: 명화약품 | C120: =IFERROR(VLOOKUP(B120,거래처별담당자!C:F,4,0), "#미등록") -> CSO팀 | D120: =IF(ISNUMBER(SEARCH("애터미_수출",B120)),"애터미_수출",IF(ISNUMBER(SEARCH("애터미",B120)),"애터미",IF(ISNUMBER(SEARCH("매나테크",B120)),"매나테크",IF(ISNUMBER(SEARCH("Mannatech, Incorporated",B120)),"매나테크",IFERROR(VLOOKUP(B120,거래처별담당자!C:F,3,0),"#미등록"))))) -> 김화니 | E120: =SUMIF('관리항목계정별잔액조회(전월)'!$C:$C,B120,'관리항목계정별잔액조회(전월)'!$D:$D) -> 4727700 | F120: =SUMIF('관리항목계정별잔액조회(전월)'!$C:$C,B120,'관리항목계정별잔액조회(전월)'!$E:$E) -> 0 | G120: =SUMIF('관리항목계정별잔액조회(전월)'!$C:$C,B120,'관리항목계정별잔액조회(전월)'!$F:$F) -> 4727700 | H120: =SUMIF('관리항목계정별잔액조회(전월)'!$C:$C,B120,'관리항목계정별잔액조회(전월)'!$G:$G) -> 0 | I120: =SUMIFS(거래명세서품목조회!BK:BK, 거래명세서품목조회!BX:BX, B120, 거래명세서품목조회!G:G, "<"&(EOMONTH($B$3, -1)+1))+SUMIFS(부서별전표작성조회!$I:$I,부서별전표작성조회!$AG:$AG,B120,부서별전표작성조회!$F:$F,"국내외상매출금",부서별전표작성조회!$V:$V,"") -> 0 | J120: =SUMIFS(거래명세서품목조회!AN:AN, 거래명세서품목조회!BX:BX, B120, 거래명세서품목조회!G:G, ">="&(EOMONTH($B$3, -1)+1), 거래명세서품목조회!G:G, "<="&EOMONTH($B$3, 0)) -> 0 | K120: =SUMIFS('입금다중입력(잔액기준)'!$O:$O, '입금다중입력(잔액기준)'!$E:$E, B120, '입금다중입력(잔액기준)'!$M:$M, "국내외상매출금") -> 0 | L120: =IFERROR(H120+I120+J120-K120,0) -> 0 | M120: =SUMIFS(거래명세서품목조회!BK:BK, 거래명세서품목조회!BX:BX, B120, 거래명세서품목조회!G:G, "<="&(INT($B$4)-30)) -> 0 | N120: =MIN(L120, I120+J120) -> 0 | O120: =MIN(MAX(0, L120-N120), F120) -> 0 | P120: =MIN(MAX(0, L120-N120-O120), IFERROR(VLOOKUP(B120, '관리항목계정별잔액조회(전전월)'!$C:$E, 3, FALSE), 0)) -> 0 | Q120: =IF(H120=0, 0, MAX(0, L120-N120-O120-P120)) -> 0 | R120: =IF((COUNTIFS('관리항목계정별잔액조회(전월)'!$C:$C, B120, '관리항목계정별잔액조회(전월)'!$B:$B, "외화외상매출금") + COUNTIFS('관리항목계정별잔액조회(전전월)'!$C:$C, B120, '관리항목계정별잔액조회(전전월)'!$B:$B, "외화외상매출금")) > 0, "외화", "국내") -> 국내
B121: 무지개약품 | C121: =IFERROR(VLOOKUP(B121,거래처별담당자!C:F,4,0), "#미등록") -> CSO팀 | D121: =IF(ISNUMBER(SEARCH("애터미_수출",B121)),"애터미_수출",IF(ISNUMBER(SEARCH("애터미",B121)),"애터미",IF(ISNUMBER(SEARCH("매나테크",B121)),"매나테크",IF(ISNUMBER(SEARCH("Mannatech, Incorporated",B121)),"매나테크",IFERROR(VLOOKUP(B121,거래처별담당자!C:F,3,0),"#미등록"))))) -> 김화니 | E121: =SUMIF('관리항목계정별잔액조회(전월)'!$C:$C,B121,'관리항목계정별잔액조회(전월)'!$D:$D) -> 0 | F121: =SUMIF('관리항목계정별잔액조회(전월)'!$C:$C,B121,'관리항목계정별잔액조회(전월)'!$E:$E) -> 857736 | G121: =SUMIF('관리항목계정별잔액조회(전월)'!$C:$C,B121,'관리항목계정별잔액조회(전월)'!$F:$F) -> 857736 | H121: =SUMIF('관리항목계정별잔액조회(전월)'!$C:$C,B121,'관리항목계정별잔액조회(전월)'!$G:$G) -> 0 | I121: =SUMIFS(거래명세서품목조회!BK:BK, 거래명세서품목조회!BX:BX, B121, 거래명세서품목조회!G:G, "<"&(EOMONTH($B$3, -1)+1))+SUMIFS(부서별전표작성조회!$I:$I,부서별전표작성조회!$AG:$AG,B121,부서별전표작성조회!$F:$F,"국내외상매출금",부서별전표작성조회!$V:$V,"") -> 0 | J121: =SUMIFS(거래명세서품목조회!AN:AN, 거래명세서품목조회!BX:BX, B121, 거래명세서품목조회!G:G, ">="&(EOMONTH($B$3, -1)+1), 거래명세서품목조회!G:G, "<="&EOMONTH($B$3, 0)) -> 0 | K121: =SUMIFS('입금다중입력(잔액기준)'!$O:$O, '입금다중입력(잔액기준)'!$E:$E, B121, '입금다중입력(잔액기준)'!$M:$M, "국내외상매출금") -> 0 | L121: =IFERROR(H121+I121+J121-K121,0) -> 0 | M121: =SUMIFS(거래명세서품목조회!BK:BK, 거래명세서품목조회!BX:BX, B121, 거래명세서품목조회!G:G, "<="&(INT($B$4)-30)) -> 0 | N121: =MIN(L121, I121+J121) -> 0 | O121: =MIN(MAX(0, L121-N121), F121) -> 0 | P121: 0 | Q121: =IF(H121=0, 0, MAX(0, L121-N121-O121-P121)) -> 0 | R121: =IF((COUNTIFS('관리항목계정별잔액조회(전월)'!$C:$C, B121, '관리항목계정별잔액조회(전월)'!$B:$B, "외화외상매출금") + COUNTIFS('관리항목계정별잔액조회(전전월)'!$C:$C, B121, '관리항목계정별잔액조회(전전월)'!$B:$B, "외화외상매출금")) > 0, "외화", "국내") -> 국내
B122: 미소팜 | C122: =IFERROR(VLOOKUP(B122,거래처별담당자!C:F,4,0), "#미등록") -> CSO팀 | D122: =IF(ISNUMBER(SEARCH("애터미_수출",B122)),"애터미_수출",IF(ISNUMBER(SEARCH("애터미",B122)),"애터미",IF(ISNUMBER(SEARCH("매나테크",B122)),"매나테크",IF(ISNUMBER(SEARCH("Mannatech, Incorporated",B122)),"매나테크",IFERROR(VLOOKUP(B122,거래처별담당자!C:F,3,0),"#미등록"))))) -> 김화니 | E122: =SUMIF('관리항목계정별잔액조회(전월)'!$C:$C,B122,'관리항목계정별잔액조회(전월)'!$D:$D) -> 0 | F122: =SUMIF('관리항목계정별잔액조회(전월)'!$C:$C,B122,'관리항목계정별잔액조회(전월)'!$E:$E) -> 276750 | G122: =SUMIF('관리항목계정별잔액조회(전월)'!$C:$C,B122,'관리항목계정별잔액조회(전월)'!$F:$F) -> 276750 | H122: =SUMIF('관리항목계정별잔액조회(전월)'!$C:$C,B122,'관리항목계정별잔액조회(전월)'!$G:$G) -> 0 | I122: =SUMIFS(거래명세서품목조회!BK:BK, 거래명세서품목조회!BX:BX, B122, 거래명세서품목조회!G:G, "<"&(EOMONTH($B$3, -1)+1))+SUMIFS(부서별전표작성조회!$I:$I,부서별전표작성조회!$AG:$AG,B122,부서별전표작성조회!$F:$F,"국내외상매출금",부서별전표작성조회!$V:$V,"") -> 0 | J122: =SUMIFS(거래명세서품목조회!AN:AN, 거래명세서품목조회!BX:BX, B122, 거래명세서품목조회!G:G, ">="&(EOMONTH($B$3, -1)+1), 거래명세서품목조회!G:G, "<="&EOMONTH($B$3, 0)) -> 0 | K122: =SUMIFS('입금다중입력(잔액기준)'!$O:$O, '입금다중입력(잔액기준)'!$E:$E, B122, '입금다중입력(잔액기준)'!$M:$M, "국내외상매출금") -> 0 | L122: =IFERROR(H122+I122+J122-K122,0) -> 0 | M122: =SUMIFS(거래명세서품목조회!BK:BK, 거래명세서품목조회!BX:BX, B122, 거래명세서품목조회!G:G, "<="&(INT($B$4)-30)) -> 0 | N122: =MIN(L122, I122+J122) -> 0 | O122: =MIN(MAX(0, L122-N122), F122) -> 0 | P122: =MIN(MAX(0, L122-N122-O122), IFERROR(VLOOKUP(B122, '관리항목계정별잔액조회(전전월)'!$C:$E, 3, FALSE), 0)) -> 0 | Q122: =IF(H122=0, 0, MAX(0, L122-N122-O122-P122)) -> 0 | R122: =IF((COUNTIFS('관리항목계정별잔액조회(전월)'!$C:$C, B122, '관리항목계정별잔액조회(전월)'!$B:$B, "외화외상매출금") + COUNTIFS('관리항목계정별잔액조회(전전월)'!$C:$C, B122, '관리항목계정별잔액조회(전전월)'!$B:$B, "외화외상매출금")) > 0, "외화", "국내") -> 국내
B123: 바다약국 | C123: =IFERROR(VLOOKUP(B123,거래처별담당자!C:F,4,0), "#미등록") -> OTC팀 | D123: =IF(ISNUMBER(SEARCH("애터미_수출",B123)),"애터미_수출",IF(ISNUMBER(SEARCH("애터미",B123)),"애터미",IF(ISNUMBER(SEARCH("매나테크",B123)),"매나테크",IF(ISNUMBER(SEARCH("Mannatech, Incorporated",B123)),"매나테크",IFERROR(VLOOKUP(B123,거래처별담당자!C:F,3,0),"#미등록"))))) -> 문혁표 | E123: =SUMIF('관리항목계정별잔액조회(전월)'!$C:$C,B123,'관리항목계정별잔액조회(전월)'!$D:$D) -> 0 | F123: =SUMIF('관리항목계정별잔액조회(전월)'!$C:$C,B123,'관리항목계정별잔액조회(전월)'!$E:$E) -> 0 | G123: =SUMIF('관리항목계정별잔액조회(전월)'!$C:$C,B123,'관리항목계정별잔액조회(전월)'!$F:$F) -> 0 | H123: =SUMIF('관리항목계정별잔액조회(전월)'!$C:$C,B123,'관리항목계정별잔액조회(전월)'!$G:$G) -> 0 | I123: =SUMIFS(거래명세서품목조회!BK:BK, 거래명세서품목조회!BX:BX, B123, 거래명세서품목조회!G:G, "<"&(EOMONTH($B$3, -1)+1))+SUMIFS(부서별전표작성조회!$I:$I,부서별전표작성조회!$AG:$AG,B123,부서별전표작성조회!$F:$F,"국내외상매출금",부서별전표작성조회!$V:$V,"") -> 0 | J123: =SUMIFS(거래명세서품목조회!AN:AN, 거래명세서품목조회!BX:BX, B123, 거래명세서품목조회!G:G, ">="&(EOMONTH($B$3, -1)+1), 거래명세서품목조회!G:G, "<="&EOMONTH($B$3, 0)) -> 0 | K123: =SUMIFS('입금다중입력(잔액기준)'!$O:$O, '입금다중입력(잔액기준)'!$E:$E, B123, '입금다중입력(잔액기준)'!$M:$M, "국내외상매출금") -> 0 | L123: =IFERROR(H123+I123+J123-K123,0) -> 0 | M123: =SUMIFS(거래명세서품목조회!BK:BK, 거래명세서품목조회!BX:BX, B123, 거래명세서품목조회!G:G, "<="&(INT($B$4)-30)) -> 0 | N123: =MIN(L123, I123+J123) -> 0 | O123: =MIN(MAX(0, L123-N123), F123) -> 0 | P123: =MIN(MAX(0, L123-N123-O123), IFERROR(VLOOKUP(B123, '관리항목계정별잔액조회(전전월)'!$C:$E, 3, FALSE), 0)) -> 0 | Q123: =IF(H123=0, 0, MAX(0, L123-N123-O123-P123)) -> 0 | R123: =IF((COUNTIFS('관리항목계정별잔액조회(전월)'!$C:$C, B123, '관리항목계정별잔액조회(전월)'!$B:$B, "외화외상매출금") + COUNTIFS('관리항목계정별잔액조회(전전월)'!$C:$C, B123, '관리항목계정별잔액조회(전전월)'!$B:$B, "외화외상매출금")) > 0, "외화", "국내") -> 국내
B124: 바른길약국 | C124: =IFERROR(VLOOKUP(B124,거래처별담당자!C:F,4,0), "#미등록") -> OTC팀 | D124: =IF(ISNUMBER(SEARCH("애터미_수출",B124)),"애터미_수출",IF(ISNUMBER(SEARCH("애터미",B124)),"애터미",IF(ISNUMBER(SEARCH("매나테크",B124)),"매나테크",IF(ISNUMBER(SEARCH("Mannatech, Incorporated",B124)),"매나테크",IFERROR(VLOOKUP(B124,거래처별담당자!C:F,3,0),"#미등록"))))) -> 이운범 | E124: =SUMIF('관리항목계정별잔액조회(전월)'!$C:$C,B124,'관리항목계정별잔액조회(전월)'!$D:$D) -> 0 | F124: =SUMIF('관리항목계정별잔액조회(전월)'!$C:$C,B124,'관리항목계정별잔액조회(전월)'!$E:$E) -> 48000 | G124: =SUMIF('관리항목계정별잔액조회(전월)'!$C:$C,B124,'관리항목계정별잔액조회(전월)'!$F:$F) -> 0 | H124: =SUMIF('관리항목계정별잔액조회(전월)'!$C:$C,B124,'관리항목계정별잔액조회(전월)'!$G:$G) -> 48000 | I124: =SUMIFS(거래명세서품목조회!BK:BK, 거래명세서품목조회!BX:BX, B124, 거래명세서품목조회!G:G, "<"&(EOMONTH($B$3, -1)+1))+SUMIFS(부서별전표작성조회!$I:$I,부서별전표작성조회!$AG:$AG,B124,부서별전표작성조회!$F:$F,"국내외상매출금",부서별전표작성조회!$V:$V,"") -> 0 | J124: =SUMIFS(거래명세서품목조회!AN:AN, 거래명세서품목조회!BX:BX, B124, 거래명세서품목조회!G:G, ">="&(EOMONTH($B$3, -1)+1), 거래명세서품목조회!G:G, "<="&EOMONTH($B$3, 0)) -> 0 | K124: =SUMIFS('입금다중입력(잔액기준)'!$O:$O, '입금다중입력(잔액기준)'!$E:$E, B124, '입금다중입력(잔액기준)'!$M:$M, "국내외상매출금") -> 45744 | L124: =IFERROR(H124+I124+J124-K124,0) -> 2256 | M124: =SUMIFS(거래명세서품목조회!BK:BK, 거래명세서품목조회!BX:BX, B124, 거래명세서품목조회!G:G, "<="&(INT($B$4)-30)) -> 0 | N124: =MIN(L124, I124+J124) -> 0 | O124: =MIN(MAX(0, L124-N124), F124) -> 2256 | P124: =MIN(MAX(0, L124-N124-O124), IFERROR(VLOOKUP(B124, '관리항목계정별잔액조회(전전월)'!$C:$E, 3, FALSE), 0)) -> 0 | Q124: =IF(H124=0, 0, MAX(0, L124-N124-O124-P124)) -> 0 | R124: =IF((COUNTIFS('관리항목계정별잔액조회(전월)'!$C:$C, B124, '관리항목계정별잔액조회(전월)'!$B:$B, "외화외상매출금") + COUNTIFS('관리항목계정별잔액조회(전전월)'!$C:$C, B124, '관리항목계정별잔액조회(전전월)'!$B:$B, "외화외상매출금")) > 0, "외화", "국내") -> 국내
B125: 백광의약품 | C125: =IFERROR(VLOOKUP(B125,거래처별담당자!C:F,4,0), "#미등록") -> CSO팀 | D125: =IF(ISNUMBER(SEARCH("애터미_수출",B125)),"애터미_수출",IF(ISNUMBER(SEARCH("애터미",B125)),"애터미",IF(ISNUMBER(SEARCH("매나테크",B125)),"매나테크",IF(ISNUMBER(SEARCH("Mannatech, Incorporated",B125)),"매나테크",IFERROR(VLOOKUP(B125,거래처별담당자!C:F,3,0),"#미등록"))))) -> 김화니 | E125: =SUMIF('관리항목계정별잔액조회(전월)'!$C:$C,B125,'관리항목계정별잔액조회(전월)'!$D:$D) -> -5282252 | F125: =SUMIF('관리항목계정별잔액조회(전월)'!$C:$C,B125,'관리항목계정별잔액조회(전월)'!$E:$E) -> 0 | G125: =SUMIF('관리항목계정별잔액조회(전월)'!$C:$C,B125,'관리항목계정별잔액조회(전월)'!$F:$F) -> 0 | H125: =SUMIF('관리항목계정별잔액조회(전월)'!$C:$C,B125,'관리항목계정별잔액조회(전월)'!$G:$G) -> -5282252 | I125: =SUMIFS(거래명세서품목조회!BK:BK, 거래명세서품목조회!BX:BX, B125, 거래명세서품목조회!G:G, "<"&(EOMONTH($B$3, -1)+1))+SUMIFS(부서별전표작성조회!$I:$I,부서별전표작성조회!$AG:$AG,B125,부서별전표작성조회!$F:$F,"국내외상매출금",부서별전표작성조회!$V:$V,"") -> 0 | J125: =SUMIFS(거래명세서품목조회!AN:AN, 거래명세서품목조회!BX:BX, B125, 거래명세서품목조회!G:G, ">="&(EOMONTH($B$3, -1)+1), 거래명세서품목조회!G:G, "<="&EOMONTH($B$3, 0)) -> 0 | K125: =SUMIFS('입금다중입력(잔액기준)'!$O:$O, '입금다중입력(잔액기준)'!$E:$E, B125, '입금다중입력(잔액기준)'!$M:$M, "국내외상매출금") -> 0 | L125: =IFERROR(H125+I125+J125-K125,0) -> -5282252 | M125: =SUMIFS(거래명세서품목조회!BK:BK, 거래명세서품목조회!BX:BX, B125, 거래명세서품목조회!G:G, "<="&(INT($B$4)-30)) -> 0 | N125: =MIN(L125, I125+J125) -> -5282252 | O125: =MIN(MAX(0, L125-N125), F125) -> 0 | P125: =MIN(MAX(0, L125-N125-O125), IFERROR(VLOOKUP(B125, '관리항목계정별잔액조회(전전월)'!$C:$E, 3, FALSE), 0)) -> 0 | Q125: =IF(H125=0, 0, MAX(0, L125-N125-O125-P125)) -> 0 | R125: =IF((COUNTIFS('관리항목계정별잔액조회(전월)'!$C:$C, B125, '관리항목계정별잔액조회(전월)'!$B:$B, "외화외상매출금") + COUNTIFS('관리항목계정별잔액조회(전전월)'!$C:$C, B125, '관리항목계정별잔액조회(전전월)'!$B:$B, "외화외상매출금")) > 0, "외화", "국내") -> 국내
B126: 백제약품대전지점(OTC) | C126: =IFERROR(VLOOKUP(B126,거래처별담당자!C:F,4,0), "#미등록") -> OTC팀 | D126: =IF(ISNUMBER(SEARCH("애터미_수출",B126)),"애터미_수출",IF(ISNUMBER(SEARCH("애터미",B126)),"애터미",IF(ISNUMBER(SEARCH("매나테크",B126)),"매나테크",IF(ISNUMBER(SEARCH("Mannatech, Incorporated",B126)),"매나테크",IFERROR(VLOOKUP(B126,거래처별담당자!C:F,3,0),"#미등록"))))) -> 문혁표 | E126: =SUMIF('관리항목계정별잔액조회(전월)'!$C:$C,B126,'관리항목계정별잔액조회(전월)'!$D:$D) -> 0 | F126: =SUMIF('관리항목계정별잔액조회(전월)'!$C:$C,B126,'관리항목계정별잔액조회(전월)'!$E:$E) -> -12100 | G126: =SUMIF('관리항목계정별잔액조회(전월)'!$C:$C,B126,'관리항목계정별잔액조회(전월)'!$F:$F) -> 0 | H126: =SUMIF('관리항목계정별잔액조회(전월)'!$C:$C,B126,'관리항목계정별잔액조회(전월)'!$G:$G) -> -12100 | I126: =SUMIFS(거래명세서품목조회!BK:BK, 거래명세서품목조회!BX:BX, B126, 거래명세서품목조회!G:G, "<"&(EOMONTH($B$3, -1)+1))+SUMIFS(부서별전표작성조회!$I:$I,부서별전표작성조회!$AG:$AG,B126,부서별전표작성조회!$F:$F,"국내외상매출금",부서별전표작성조회!$V:$V,"") -> 0 | J126: =SUMIFS(거래명세서품목조회!AN:AN, 거래명세서품목조회!BX:BX, B126, 거래명세서품목조회!G:G, ">="&(EOMONTH($B$3, -1)+1), 거래명세서품목조회!G:G, "<="&EOMONTH($B$3, 0)) -> 0 | K126: =SUMIFS('입금다중입력(잔액기준)'!$O:$O, '입금다중입력(잔액기준)'!$E:$E, B126, '입금다중입력(잔액기준)'!$M:$M, "국내외상매출금") -> 0 | L126: =IFERROR(H126+I126+J126-K126,0) -> -12100 | M126: =SUMIFS(거래명세서품목조회!BK:BK, 거래명세서품목조회!BX:BX, B126, 거래명세서품목조회!G:G, "<="&(INT($B$4)-30)) -> 0 | N126: =MIN(L126, I126+J126) -> -12100 | O126: =MIN(MAX(0, L126-N126), F126) -> -12100 | P126: =MIN(MAX(0, L126-N126-O126), IFERROR(VLOOKUP(B126, '관리항목계정별잔액조회(전전월)'!$C:$E, 3, FALSE), 0)) -> 0 | Q126: =IF(H126=0, 0, MAX(0, L126-N126-O126-P126)) -> 12100 | R126: =IF((COUNTIFS('관리항목계정별잔액조회(전월)'!$C:$C, B126, '관리항목계정별잔액조회(전월)'!$B:$B, "외화외상매출금") + COUNTIFS('관리항목계정별잔액조회(전전월)'!$C:$C, B126, '관리항목계정별잔액조회(전전월)'!$B:$B, "외화외상매출금")) > 0, "외화", "국내") -> 국내
B127: 백제약품영남본부(OTC) | C127: =IFERROR(VLOOKUP(B127,거래처별담당자!C:F,4,0), "#미등록") -> OTC팀 | D127: =IF(ISNUMBER(SEARCH("애터미_수출",B127)),"애터미_수출",IF(ISNUMBER(SEARCH("애터미",B127)),"애터미",IF(ISNUMBER(SEARCH("매나테크",B127)),"매나테크",IF(ISNUMBER(SEARCH("Mannatech, Incorporated",B127)),"매나테크",IFERROR(VLOOKUP(B127,거래처별담당자!C:F,3,0),"#미등록"))))) -> 문혁표 | E127: =SUMIF('관리항목계정별잔액조회(전월)'!$C:$C,B127,'관리항목계정별잔액조회(전월)'!$D:$D) -> -653400 | F127: =SUMIF('관리항목계정별잔액조회(전월)'!$C:$C,B127,'관리항목계정별잔액조회(전월)'!$E:$E) -> 0 | G127: =SUMIF('관리항목계정별잔액조회(전월)'!$C:$C,B127,'관리항목계정별잔액조회(전월)'!$F:$F) -> 0 | H127: =SUMIF('관리항목계정별잔액조회(전월)'!$C:$C,B127,'관리항목계정별잔액조회(전월)'!$G:$G) -> -653400 | I127: =SUMIFS(거래명세서품목조회!BK:BK, 거래명세서품목조회!BX:BX, B127, 거래명세서품목조회!G:G, "<"&(EOMONTH($B$3, -1)+1))+SUMIFS(부서별전표작성조회!$I:$I,부서별전표작성조회!$AG:$AG,B127,부서별전표작성조회!$F:$F,"국내외상매출금",부서별전표작성조회!$V:$V,"") -> 0 | J127: =SUMIFS(거래명세서품목조회!AN:AN, 거래명세서품목조회!BX:BX, B127, 거래명세서품목조회!G:G, ">="&(EOMONTH($B$3, -1)+1), 거래명세서품목조회!G:G, "<="&EOMONTH($B$3, 0)) -> 0 | K127: =SUMIFS('입금다중입력(잔액기준)'!$O:$O, '입금다중입력(잔액기준)'!$E:$E, B127, '입금다중입력(잔액기준)'!$M:$M, "국내외상매출금") -> 0 | L127: =IFERROR(H127+I127+J127-K127,0) -> -653400 | M127: =SUMIFS(거래명세서품목조회!BK:BK, 거래명세서품목조회!BX:BX, B127, 거래명세서품목조회!G:G, "<="&(INT($B$4)-30)) -> 0 | N127: =MIN(L127, I127+J127) -> -653400 | O127: =MIN(MAX(0, L127-N127), F127) -> 0 | P127: =MIN(MAX(0, L127-N127-O127), IFERROR(VLOOKUP(B127, '관리항목계정별잔액조회(전전월)'!$C:$E, 3, FALSE), 0)) -> 0 | Q127: =IF(H127=0, 0, MAX(0, L127-N127-O127-P127)) -> 0 | R127: =IF((COUNTIFS('관리항목계정별잔액조회(전월)'!$C:$C, B127, '관리항목계정별잔액조회(전월)'!$B:$B, "외화외상매출금") + COUNTIFS('관리항목계정별잔액조회(전전월)'!$C:$C, B127, '관리항목계정별잔액조회(전전월)'!$B:$B, "외화외상매출금")) > 0, "외화", "국내") -> 국내
B128: 백제약품영등포지점(OTC) | C128: =IFERROR(VLOOKUP(B128,거래처별담당자!C:F,4,0), "#미등록") -> OTC팀 | D128: =IF(ISNUMBER(SEARCH("애터미_수출",B128)),"애터미_수출",IF(ISNUMBER(SEARCH("애터미",B128)),"애터미",IF(ISNUMBER(SEARCH("매나테크",B128)),"매나테크",IF(ISNUMBER(SEARCH("Mannatech, Incorporated",B128)),"매나테크",IFERROR(VLOOKUP(B128,거래처별담당자!C:F,3,0),"#미등록"))))) -> 문혁표 | E128: =SUMIF('관리항목계정별잔액조회(전월)'!$C:$C,B128,'관리항목계정별잔액조회(전월)'!$D:$D) -> -10422940 | F128: =SUMIF('관리항목계정별잔액조회(전월)'!$C:$C,B128,'관리항목계정별잔액조회(전월)'!$E:$E) -> 0 | G128: =SUMIF('관리항목계정별잔액조회(전월)'!$C:$C,B128,'관리항목계정별잔액조회(전월)'!$F:$F) -> 0 | H128: =SUMIF('관리항목계정별잔액조회(전월)'!$C:$C,B128,'관리항목계정별잔액조회(전월)'!$G:$G) -> -10422940 | I128: =SUMIFS(거래명세서품목조회!BK:BK, 거래명세서품목조회!BX:BX, B128, 거래명세서품목조회!G:G, "<"&(EOMONTH($B$3, -1)+1))+SUMIFS(부서별전표작성조회!$I:$I,부서별전표작성조회!$AG:$AG,B128,부서별전표작성조회!$F:$F,"국내외상매출금",부서별전표작성조회!$V:$V,"") -> 0 | J128: =SUMIFS(거래명세서품목조회!AN:AN, 거래명세서품목조회!BX:BX, B128, 거래명세서품목조회!G:G, ">="&(EOMONTH($B$3, -1)+1), 거래명세서품목조회!G:G, "<="&EOMONTH($B$3, 0)) -> 0 | K128: =SUMIFS('입금다중입력(잔액기준)'!$O:$O, '입금다중입력(잔액기준)'!$E:$E, B128, '입금다중입력(잔액기준)'!$M:$M, "국내외상매출금") -> 0 | L128: =IFERROR(H128+I128+J128-K128,0) -> -10422940 | M128: =SUMIFS(거래명세서품목조회!BK:BK, 거래명세서품목조회!BX:BX, B128, 거래명세서품목조회!G:G, "<="&(INT($B$4)-30)) -> 0 | N128: =MIN(L128, I128+J128) -> -10422940 | O128: =MIN(MAX(0, L128-N128), F128) -> 0 | P128: =MIN(MAX(0, L128-N128-O128), IFERROR(VLOOKUP(B128, '관리항목계정별잔액조회(전전월)'!$C:$E, 3, FALSE), 0)) -> -125840 | Q128: =IF(H128=0, 0, MAX(0, L128-N128-O128-P128)) -> 125840 | R128: =IF((COUNTIFS('관리항목계정별잔액조회(전월)'!$C:$C, B128, '관리항목계정별잔액조회(전월)'!$B:$B, "외화외상매출금") + COUNTIFS('관리항목계정별잔액조회(전전월)'!$C:$C, B128, '관리항목계정별잔액조회(전전월)'!$B:$B, "외화외상매출금")) > 0, "외화", "국내") -> 국내
B129: 베리언스 | C129: =IFERROR(VLOOKUP(B129,거래처별담당자!C:F,4,0), "#미등록") -> CSO팀 | D129: =IF(ISNUMBER(SEARCH("애터미_수출",B129)),"애터미_수출",IF(ISNUMBER(SEARCH("애터미",B129)),"애터미",IF(ISNUMBER(SEARCH("매나테크",B129)),"매나테크",IF(ISNUMBER(SEARCH("Mannatech, Incorporated",B129)),"매나테크",IFERROR(VLOOKUP(B129,거래처별담당자!C:F,3,0),"#미등록"))))) -> 김화니 | E129: =SUMIF('관리항목계정별잔액조회(전월)'!$C:$C,B129,'관리항목계정별잔액조회(전월)'!$D:$D) -> 0 | F129: =SUMIF('관리항목계정별잔액조회(전월)'!$C:$C,B129,'관리항목계정별잔액조회(전월)'!$E:$E) -> 0 | G129: =SUMIF('관리항목계정별잔액조회(전월)'!$C:$C,B129,'관리항목계정별잔액조회(전월)'!$F:$F) -> 0 | H129: =SUMIF('관리항목계정별잔액조회(전월)'!$C:$C,B129,'관리항목계정별잔액조회(전월)'!$G:$G) -> 0 | I129: =SUMIFS(거래명세서품목조회!BK:BK, 거래명세서품목조회!BX:BX, B129, 거래명세서품목조회!G:G, "<"&(EOMONTH($B$3, -1)+1))+SUMIFS(부서별전표작성조회!$I:$I,부서별전표작성조회!$AG:$AG,B129,부서별전표작성조회!$F:$F,"국내외상매출금",부서별전표작성조회!$V:$V,"") -> 0 | J129: =SUMIFS(거래명세서품목조회!AN:AN, 거래명세서품목조회!BX:BX, B129, 거래명세서품목조회!G:G, ">="&(EOMONTH($B$3, -1)+1), 거래명세서품목조회!G:G, "<="&EOMONTH($B$3, 0)) -> 0 | K129: =SUMIFS('입금다중입력(잔액기준)'!$O:$O, '입금다중입력(잔액기준)'!$E:$E, B129, '입금다중입력(잔액기준)'!$M:$M, "국내외상매출금") -> 0 | L129: =IFERROR(H129+I129+J129-K129,0) -> 0 | M129: =SUMIFS(거래명세서품목조회!BK:BK, 거래명세서품목조회!BX:BX, B129, 거래명세서품목조회!G:G, "<="&(INT($B$4)-30)) -> 0 | N129: =MIN(L129, I129+J129) -> 0 | O129: =MIN(MAX(0, L129-N129), F129) -> 0 | P129: =MIN(MAX(0, L129-N129-O129), IFERROR(VLOOKUP(B129, '관리항목계정별잔액조회(전전월)'!$C:$E, 3, FALSE), 0)) -> 0 | Q129: =IF(H129=0, 0, MAX(0, L129-N129-O129-P129)) -> 0 | R129: =IF((COUNTIFS('관리항목계정별잔액조회(전월)'!$C:$C, B129, '관리항목계정별잔액조회(전월)'!$B:$B, "외화외상매출금") + COUNTIFS('관리항목계정별잔액조회(전전월)'!$C:$C, B129, '관리항목계정별잔액조회(전전월)'!$B:$B, "외화외상매출금")) > 0, "외화", "국내") -> 국내
B130: 베스트팜 | C130: =IFERROR(VLOOKUP(B130,거래처별담당자!C:F,4,0), "#미등록") -> CSO팀 | D130: =IF(ISNUMBER(SEARCH("애터미_수출",B130)),"애터미_수출",IF(ISNUMBER(SEARCH("애터미",B130)),"애터미",IF(ISNUMBER(SEARCH("매나테크",B130)),"매나테크",IF(ISNUMBER(SEARCH("Mannatech, Incorporated",B130)),"매나테크",IFERROR(VLOOKUP(B130,거래처별담당자!C:F,3,0),"#미등록"))))) -> 김화니 | E130: =SUMIF('관리항목계정별잔액조회(전월)'!$C:$C,B130,'관리항목계정별잔액조회(전월)'!$D:$D) -> 1106998 | F130: =SUMIF('관리항목계정별잔액조회(전월)'!$C:$C,B130,'관리항목계정별잔액조회(전월)'!$E:$E) -> 476280 | G130: =SUMIF('관리항목계정별잔액조회(전월)'!$C:$C,B130,'관리항목계정별잔액조회(전월)'!$F:$F) -> 1107000 | H130: =SUMIF('관리항목계정별잔액조회(전월)'!$C:$C,B130,'관리항목계정별잔액조회(전월)'!$G:$G) -> 476278 | I130: =SUMIFS(거래명세서품목조회!BK:BK, 거래명세서품목조회!BX:BX, B130, 거래명세서품목조회!G:G, "<"&(EOMONTH($B$3, -1)+1))+SUMIFS(부서별전표작성조회!$I:$I,부서별전표작성조회!$AG:$AG,B130,부서별전표작성조회!$F:$F,"국내외상매출금",부서별전표작성조회!$V:$V,"") -> 0 | J130: =SUMIFS(거래명세서품목조회!AN:AN, 거래명세서품목조회!BX:BX, B130, 거래명세서품목조회!G:G, ">="&(EOMONTH($B$3, -1)+1), 거래명세서품목조회!G:G, "<="&EOMONTH($B$3, 0)) -> 0 | K130: =SUMIFS('입금다중입력(잔액기준)'!$O:$O, '입금다중입력(잔액기준)'!$E:$E, B130, '입금다중입력(잔액기준)'!$M:$M, "국내외상매출금") -> 0 | L130: =IFERROR(H130+I130+J130-K130,0) -> 476278 | M130: =SUMIFS(거래명세서품목조회!BK:BK, 거래명세서품목조회!BX:BX, B130, 거래명세서품목조회!G:G, "<="&(INT($B$4)-30)) -> 0 | N130: =MIN(L130, I130+J130) -> 0 | O130: =MIN(MAX(0, L130-N130), F130) -> 476278 | P130: =MIN(MAX(0, L130-N130-O130), IFERROR(VLOOKUP(B130, '관리항목계정별잔액조회(전전월)'!$C:$E, 3, FALSE), 0)) -> 0 | Q130: =IF(H130=0, 0, MAX(0, L130-N130-O130-P130)) -> 0 | R130: =IF((COUNTIFS('관리항목계정별잔액조회(전월)'!$C:$C, B130, '관리항목계정별잔액조회(전월)'!$B:$B, "외화외상매출금") + COUNTIFS('관리항목계정별잔액조회(전전월)'!$C:$C, B130, '관리항목계정별잔액조회(전전월)'!$B:$B, "외화외상매출금")) > 0, "외화", "국내") -> 국내
B131: 보덕메디팜(OTC) | C131: =IFERROR(VLOOKUP(B131,거래처별담당자!C:F,4,0), "#미등록") -> OTC팀 | D131: =IF(ISNUMBER(SEARCH("애터미_수출",B131)),"애터미_수출",IF(ISNUMBER(SEARCH("애터미",B131)),"애터미",IF(ISNUMBER(SEARCH("매나테크",B131)),"매나테크",IF(ISNUMBER(SEARCH("Mannatech, Incorporated",B131)),"매나테크",IFERROR(VLOOKUP(B131,거래처별담당자!C:F,3,0),"#미등록"))))) -> 문혁표 | E131: =SUMIF('관리항목계정별잔액조회(전월)'!$C:$C,B131,'관리항목계정별잔액조회(전월)'!$D:$D) -> -1808980 | F131: =SUMIF('관리항목계정별잔액조회(전월)'!$C:$C,B131,'관리항목계정별잔액조회(전월)'!$E:$E) -> 0 | G131: =SUMIF('관리항목계정별잔액조회(전월)'!$C:$C,B131,'관리항목계정별잔액조회(전월)'!$F:$F) -> 0 | H131: =SUMIF('관리항목계정별잔액조회(전월)'!$C:$C,B131,'관리항목계정별잔액조회(전월)'!$G:$G) -> -1808980 | I131: =SUMIFS(거래명세서품목조회!BK:BK, 거래명세서품목조회!BX:BX, B131, 거래명세서품목조회!G:G, "<"&(EOMONTH($B$3, -1)+1))+SUMIFS(부서별전표작성조회!$I:$I,부서별전표작성조회!$AG:$AG,B131,부서별전표작성조회!$F:$F,"국내외상매출금",부서별전표작성조회!$V:$V,"") -> 0 | J131: =SUMIFS(거래명세서품목조회!AN:AN, 거래명세서품목조회!BX:BX, B131, 거래명세서품목조회!G:G, ">="&(EOMONTH($B$3, -1)+1), 거래명세서품목조회!G:G, "<="&EOMONTH($B$3, 0)) -> 0 | K131: =SUMIFS('입금다중입력(잔액기준)'!$O:$O, '입금다중입력(잔액기준)'!$E:$E, B131, '입금다중입력(잔액기준)'!$M:$M, "국내외상매출금") -> 0 | L131: =IFERROR(H131+I131+J131-K131,0) -> -1808980 | M131: =SUMIFS(거래명세서품목조회!BK:BK, 거래명세서품목조회!BX:BX, B131, 거래명세서품목조회!G:G, "<="&(INT($B$4)-30)) -> 0 | N131: =MIN(L131, I131+J131) -> -1808980 | O131: =MIN(MAX(0, L131-N131), F131) -> 0 | P131: =MIN(MAX(0, L131-N131-O131), IFERROR(VLOOKUP(B131, '관리항목계정별잔액조회(전전월)'!$C:$E, 3, FALSE), 0)) -> 0 | Q131: =IF(H131=0, 0, MAX(0, L131-N131-O131-P131)) -> 0 | R131: =IF((COUNTIFS('관리항목계정별잔액조회(전월)'!$C:$C, B131, '관리항목계정별잔액조회(전월)'!$B:$B, "외화외상매출금") + COUNTIFS('관리항목계정별잔액조회(전전월)'!$C:$C, B131, '관리항목계정별잔액조회(전전월)'!$B:$B, "외화외상매출금")) > 0, "외화", "국내") -> 국내
B132: 복산나이스(OTC) | C132: =IFERROR(VLOOKUP(B132,거래처별담당자!C:F,4,0), "#미등록") -> OTC팀 | D132: =IF(ISNUMBER(SEARCH("애터미_수출",B132)),"애터미_수출",IF(ISNUMBER(SEARCH("애터미",B132)),"애터미",IF(ISNUMBER(SEARCH("매나테크",B132)),"매나테크",IF(ISNUMBER(SEARCH("Mannatech, Incorporated",B132)),"매나테크",IFERROR(VLOOKUP(B132,거래처별담당자!C:F,3,0),"#미등록"))))) -> 문혁표 | E132: =SUMIF('관리항목계정별잔액조회(전월)'!$C:$C,B132,'관리항목계정별잔액조회(전월)'!$D:$D) -> -1714300 | F132: =SUMIF('관리항목계정별잔액조회(전월)'!$C:$C,B132,'관리항목계정별잔액조회(전월)'!$E:$E) -> 0 | G132: =SUMIF('관리항목계정별잔액조회(전월)'!$C:$C,B132,'관리항목계정별잔액조회(전월)'!$F:$F) -> 0 | H132: =SUMIF('관리항목계정별잔액조회(전월)'!$C:$C,B132,'관리항목계정별잔액조회(전월)'!$G:$G) -> -1714300 | I132: =SUMIFS(거래명세서품목조회!BK:BK, 거래명세서품목조회!BX:BX, B132, 거래명세서품목조회!G:G, "<"&(EOMONTH($B$3, -1)+1))+SUMIFS(부서별전표작성조회!$I:$I,부서별전표작성조회!$AG:$AG,B132,부서별전표작성조회!$F:$F,"국내외상매출금",부서별전표작성조회!$V:$V,"") -> 0 | J132: =SUMIFS(거래명세서품목조회!AN:AN, 거래명세서품목조회!BX:BX, B132, 거래명세서품목조회!G:G, ">="&(EOMONTH($B$3, -1)+1), 거래명세서품목조회!G:G, "<="&EOMONTH($B$3, 0)) -> 0 | K132: =SUMIFS('입금다중입력(잔액기준)'!$O:$O, '입금다중입력(잔액기준)'!$E:$E, B132, '입금다중입력(잔액기준)'!$M:$M, "국내외상매출금") -> 0 | L132: =IFERROR(H132+I132+J132-K132,0) -> -1714300 | M132: =SUMIFS(거래명세서품목조회!BK:BK, 거래명세서품목조회!BX:BX, B132, 거래명세서품목조회!G:G, "<="&(INT($B$4)-30)) -> 0 | N132: =MIN(L132, I132+J132) -> -1714300 | O132: =MIN(MAX(0, L132-N132), F132) -> 0 | P132: =MIN(MAX(0, L132-N132-O132), IFERROR(VLOOKUP(B132, '관리항목계정별잔액조회(전전월)'!$C:$E, 3, FALSE), 0)) -> 0 | Q132: =IF(H132=0, 0, MAX(0, L132-N132-O132-P132)) -> 0 | R132: =IF((COUNTIFS('관리항목계정별잔액조회(전월)'!$C:$C, B132, '관리항목계정별잔액조회(전월)'!$B:$B, "외화외상매출금") + COUNTIFS('관리항목계정별잔액조회(전전월)'!$C:$C, B132, '관리항목계정별잔액조회(전전월)'!$B:$B, "외화외상매출금")) > 0, "외화", "국내") -> 국내
B133: 부림약품 | C133: =IFERROR(VLOOKUP(B133,거래처별담당자!C:F,4,0), "#미등록") -> CSO팀 | D133: =IF(ISNUMBER(SEARCH("애터미_수출",B133)),"애터미_수출",IF(ISNUMBER(SEARCH("애터미",B133)),"애터미",IF(ISNUMBER(SEARCH("매나테크",B133)),"매나테크",IF(ISNUMBER(SEARCH("Mannatech, Incorporated",B133)),"매나테크",IFERROR(VLOOKUP(B133,거래처별담당자!C:F,3,0),"#미등록"))))) -> 김화니 | E133: =SUMIF('관리항목계정별잔액조회(전월)'!$C:$C,B133,'관리항목계정별잔액조회(전월)'!$D:$D) -> 0 | F133: =SUMIF('관리항목계정별잔액조회(전월)'!$C:$C,B133,'관리항목계정별잔액조회(전월)'!$E:$E) -> 0 | G133: =SUMIF('관리항목계정별잔액조회(전월)'!$C:$C,B133,'관리항목계정별잔액조회(전월)'!$F:$F) -> 0 | H133: =SUMIF('관리항목계정별잔액조회(전월)'!$C:$C,B133,'관리항목계정별잔액조회(전월)'!$G:$G) -> 0 | I133: =SUMIFS(거래명세서품목조회!BK:BK, 거래명세서품목조회!BX:BX, B133, 거래명세서품목조회!G:G, "<"&(EOMONTH($B$3, -1)+1))+SUMIFS(부서별전표작성조회!$I:$I,부서별전표작성조회!$AG:$AG,B133,부서별전표작성조회!$F:$F,"국내외상매출금",부서별전표작성조회!$V:$V,"") -> 0 | J133: =SUMIFS(거래명세서품목조회!AN:AN, 거래명세서품목조회!BX:BX, B133, 거래명세서품목조회!G:G, ">="&(EOMONTH($B$3, -1)+1), 거래명세서품목조회!G:G, "<="&EOMONTH($B$3, 0)) -> 0 | K133: =SUMIFS('입금다중입력(잔액기준)'!$O:$O, '입금다중입력(잔액기준)'!$E:$E, B133, '입금다중입력(잔액기준)'!$M:$M, "국내외상매출금") -> 0 | L133: =IFERROR(H133+I133+J133-K133,0) -> 0 | M133: =SUMIFS(거래명세서품목조회!BK:BK, 거래명세서품목조회!BX:BX, B133, 거래명세서품목조회!G:G, "<="&(INT($B$4)-30)) -> 0 | N133: =MIN(L133, I133+J133) -> 0 | O133: =MIN(MAX(0, L133-N133), F133) -> 0 | P133: =MIN(MAX(0, L133-N133-O133), IFERROR(VLOOKUP(B133, '관리항목계정별잔액조회(전전월)'!$C:$E, 3, FALSE), 0)) -> 0 | Q133: =IF(H133=0, 0, MAX(0, L133-N133-O133-P133)) -> 0 | R133: =IF((COUNTIFS('관리항목계정별잔액조회(전월)'!$C:$C, B133, '관리항목계정별잔액조회(전월)'!$B:$B, "외화외상매출금") + COUNTIFS('관리항목계정별잔액조회(전전월)'!$C:$C, B133, '관리항목계정별잔액조회(전전월)'!$B:$B, "외화외상매출금")) > 0, "외화", "국내") -> 국내
... B223: 히스토바이오 | C223: =IFERROR(VLOOKUP(B223,거래처별담당자!C:F,4,0), "#미등록") -> CSO팀 | D223: =IF(ISNUMBER(SEARCH("애터미_수출",B223)),"애터미_수출",IF(ISNUMBER(SEARCH("애터미",B223)),"애터미",IF(ISNUMBER(SEARCH("매나테크",B223)),"매나테크",IF(ISNUMBER(SEARCH("Mannatech, Incorporated",B223)),"매나테크",IFERROR(VLOOKUP(B223,거래처별담당자!C:F,3,0),"#미등록"))))) -> 김화니 | E223: =SUMIF('관리항목계정별잔액조회(전월)'!$C:$C,B223,'관리항목계정별잔액조회(전월)'!$D:$D) -> 0 | F223: =SUMIF('관리항목계정별잔액조회(전월)'!$C:$C,B223,'관리항목계정별잔액조회(전월)'!$E:$E) -> 0 | G223: =SUMIF('관리항목계정별잔액조회(전월)'!$C:$C,B223,'관리항목계정별잔액조회(전월)'!$F:$F) -> 0 | H223: =SUMIF('관리항목계정별잔액조회(전월)'!$C:$C,B223,'관리항목계정별잔액조회(전월)'!$G:$G) -> 0 | I223: =SUMIFS(거래명세서품목조회!BK:BK, 거래명세서품목조회!BX:BX, B223, 거래명세서품목조회!G:G, "<"&(EOMONTH($B$3, -1)+1))+SUMIFS(부서별전표작성조회!$I:$I,부서별전표작성조회!$AG:$AG,B223,부서별전표작성조회!$F:$F,"국내외상매출금",부서별전표작성조회!$V:$V,"") -> 0 | J223: =SUMIFS(거래명세서품목조회!AN:AN, 거래명세서품목조회!BX:BX, B223, 거래명세서품목조회!G:G, ">="&(EOMONTH($B$3, -1)+1), 거래명세서품목조회!G:G, "<="&EOMONTH($B$3, 0)) -> 0 | K223: =SUMIFS('입금다중입력(잔액기준)'!$O:$O, '입금다중입력(잔액기준)'!$E:$E, B223, '입금다중입력(잔액기준)'!$M:$M, "국내외상매출금") -> 0 | L223: =IFERROR(H223+I223+J223-K223,0) -> 0 | M223: =SUMIFS(거래명세서품목조회!BK:BK, 거래명세서품목조회!BX:BX, B223, 거래명세서품목조회!G:G, "<="&(INT($B$4)-30)) -> 0 | N223: =MIN(L223, I223+J223) -> 0 | O223: =MIN(MAX(0, L223-N223), F223) -> 0 | P223: =MIN(MAX(0, L223-N223-O223), IFERROR(VLOOKUP(B223, '관리항목계정별잔액조회(전전월)'!$C:$E, 3, FALSE), 0)) -> 0 | Q223: =IF(H223=0, 0, MAX(0, L223-N223-O223-P223)) -> 0 | R223: =IF((COUNTIFS('관리항목계정별잔액조회(전월)'!$C:$C, B223, '관리항목계정별잔액조회(전월)'!$B:$B, "외화외상매출금") + COUNTIFS('관리항목계정별잔액조회(전전월)'!$C:$C, B223, '관리항목계정별잔액조회(전전월)'!$B:$B, "외화외상매출금")) > 0, "외화", "국내") -> 국내
C224: =IFERROR(VLOOKUP(B224,거래처별담당자!C:F,4,0), "#미등록") -> #미등록 | D224: =IF(ISNUMBER(SEARCH("애터미_수출",B224)),"애터미_수출",IF(ISNUMBER(SEARCH("애터미",B224)),"애터미",IF(ISNUMBER(SEARCH("매나테크",B224)),"매나테크",IF(ISNUMBER(SEARCH("Mannatech, Incorporated",B224)),"매나테크",IFERROR(VLOOKUP(B224,거래처별담당자!C:F,3,0),"#미등록"))))) -> #미등록 | E224: =SUMIF('관리항목계정별잔액조회(전월)'!$C:$C,B224,'관리항목계정별잔액조회(전월)'!$D:$D) -> 0 | F224: =SUMIF('관리항목계정별잔액조회(전월)'!$C:$C,B224,'관리항목계정별잔액조회(전월)'!$E:$E) -> 0 | G224: =SUMIF('관리항목계정별잔액조회(전월)'!$C:$C,B224,'관리항목계정별잔액조회(전월)'!$F:$F) -> 0 | H224: =SUMIF('관리항목계정별잔액조회(전월)'!$C:$C,B224,'관리항목계정별잔액조회(전월)'!$G:$G) -> 0 | I224: =SUMIFS(거래명세서품목조회!BK:BK, 거래명세서품목조회!BX:BX, B224, 거래명세서품목조회!G:G, "<"&(EOMONTH($B$3, -1)+1))+SUMIFS(부서별전표작성조회!$I:$I,부서별전표작성조회!$AG:$AG,B224,부서별전표작성조회!$F:$F,"국내외상매출금",부서별전표작성조회!$V:$V,"") -> 0 | J224: =SUMIFS(거래명세서품목조회!AN:AN, 거래명세서품목조회!BX:BX, B224, 거래명세서품목조회!G:G, ">="&(EOMONTH($B$3, -1)+1), 거래명세서품목조회!G:G, "<="&EOMONTH($B$3, 0)) -> 0 | K224: =SUMIFS('입금다중입력(잔액기준)'!$O:$O, '입금다중입력(잔액기준)'!$E:$E, B224, '입금다중입력(잔액기준)'!$M:$M, "국내외상매출금") -> 0 | L224: =IFERROR(H224+I224+J224-K224,0) -> 0 | M224: =SUMIFS(거래명세서품목조회!BK:BK, 거래명세서품목조회!BX:BX, B224, 거래명세서품목조회!G:G, "<="&(INT($B$4)-30)) -> 0 | N224: =MIN(L224, I224+J224) -> 0 | O224: =MIN(MAX(0, L224-N224), F224) -> 0 | P224: =MIN(MAX(0, L224-N224-O224), IFERROR(VLOOKUP(B224, '관리항목계정별잔액조회(전전월)'!$C:$E, 3, FALSE), 0)) -> 0 | Q224: =IF(H224=0, 0, MAX(0, L224-N224-O224-P224)) -> 0 | R224: =IF((COUNTIFS('관리항목계정별잔액조회(전월)'!$C:$C, B224, '관리항목계정별잔액조회(전월)'!$B:$B, "외화외상매출금") + COUNTIFS('관리항목계정별잔액조회(전전월)'!$C:$C, B224, '관리항목계정별잔액조회(전전월)'!$B:$B, "외화외상매출금")) > 0, "외화", "국내") -> 국내
C225: =IFERROR(VLOOKUP(B225,거래처별담당자!C:F,4,0), "#미등록") -> #미등록 | D225: =IF(ISNUMBER(SEARCH("애터미_수출",B225)),"애터미_수출",IF(ISNUMBER(SEARCH("애터미",B225)),"애터미",IF(ISNUMBER(SEARCH("매나테크",B225)),"매나테크",IF(ISNUMBER(SEARCH("Mannatech, Incorporated",B225)),"매나테크",IFERROR(VLOOKUP(B225,거래처별담당자!C:F,3,0),"#미등록"))))) -> #미등록 | E225: =SUMIF('관리항목계정별잔액조회(전월)'!$C:$C,B225,'관리항목계정별잔액조회(전월)'!$D:$D) -> 0 | F225: =SUMIF('관리항목계정별잔액조회(전월)'!$C:$C,B225,'관리항목계정별잔액조회(전월)'!$E:$E) -> 0 | G225: =SUMIF('관리항목계정별잔액조회(전월)'!$C:$C,B225,'관리항목계정별잔액조회(전월)'!$F:$F) -> 0 | H225: =SUMIF('관리항목계정별잔액조회(전월)'!$C:$C,B225,'관리항목계정별잔액조회(전월)'!$G:$G) -> 0 | I225: =SUMIFS(거래명세서품목조회!BK:BK, 거래명세서품목조회!BX:BX, B225, 거래명세서품목조회!G:G, "<"&(EOMONTH($B$3, -1)+1))+SUMIFS(부서별전표작성조회!$I:$I,부서별전표작성조회!$AG:$AG,B225,부서별전표작성조회!$F:$F,"국내외상매출금",부서별전표작성조회!$V:$V,"") -> 0 | J225: =SUMIFS(거래명세서품목조회!AN:AN, 거래명세서품목조회!BX:BX, B225, 거래명세서품목조회!G:G, ">="&(EOMONTH($B$3, -1)+1), 거래명세서품목조회!G:G, "<="&EOMONTH($B$3, 0)) -> 0 | K225: =SUMIFS('입금다중입력(잔액기준)'!$O:$O, '입금다중입력(잔액기준)'!$E:$E, B225, '입금다중입력(잔액기준)'!$M:$M, "국내외상매출금") -> 0 | L225: =IFERROR(H225+I225+J225-K225,0) -> 0 | M225: =SUMIFS(거래명세서품목조회!BK:BK, 거래명세서품목조회!BX:BX, B225, 거래명세서품목조회!G:G, "<="&(INT($B$4)-30)) -> 0 | N225: =MIN(L225, I225+J225) -> 0 | O225: =MIN(MAX(0, L225-N225), F225) -> 0 | P225: =MIN(MAX(0, L225-N225-O225), IFERROR(VLOOKUP(B225, '관리항목계정별잔액조회(전전월)'!$C:$E, 3, FALSE), 0)) -> 0 | Q225: =IF(H225=0, 0, MAX(0, L225-N225-O225-P225)) -> 0 | R225: =IF((COUNTIFS('관리항목계정별잔액조회(전월)'!$C:$C, B225, '관리항목계정별잔액조회(전월)'!$B:$B, "외화외상매출금") + COUNTIFS('관리항목계정별잔액조회(전전월)'!$C:$C, B225, '관리항목계정별잔액조회(전전월)'!$B:$B, "외화외상매출금")) > 0, "외화", "국내") -> 국내
C226: =IFERROR(VLOOKUP(B226,거래처별담당자!C:F,4,0), "#미등록") -> #미등록 | D226: =IF(ISNUMBER(SEARCH("애터미_수출",B226)),"애터미_수출",IF(ISNUMBER(SEARCH("애터미",B226)),"애터미",IF(ISNUMBER(SEARCH("매나테크",B226)),"매나테크",IF(ISNUMBER(SEARCH("Mannatech, Incorporated",B226)),"매나테크",IFERROR(VLOOKUP(B226,거래처별담당자!C:F,3,0),"#미등록"))))) -> #미등록 | E226: =SUMIF('관리항목계정별잔액조회(전월)'!$C:$C,B226,'관리항목계정별잔액조회(전월)'!$D:$D) -> 0 | F226: =SUMIF('관리항목계정별잔액조회(전월)'!$C:$C,B226,'관리항목계정별잔액조회(전월)'!$E:$E) -> 0 | G226: =SUMIF('관리항목계정별잔액조회(전월)'!$C:$C,B226,'관리항목계정별잔액조회(전월)'!$F:$F) -> 0 | H226: =SUMIF('관리항목계정별잔액조회(전월)'!$C:$C,B226,'관리항목계정별잔액조회(전월)'!$G:$G) -> 0 | I226: =SUMIFS(거래명세서품목조회!BK:BK, 거래명세서품목조회!BX:BX, B226, 거래명세서품목조회!G:G, "<"&(EOMONTH($B$3, -1)+1))+SUMIFS(부서별전표작성조회!$I:$I,부서별전표작성조회!$AG:$AG,B226,부서별전표작성조회!$F:$F,"국내외상매출금",부서별전표작성조회!$V:$V,"") -> 0 | J226: =SUMIFS(거래명세서품목조회!AN:AN, 거래명세서품목조회!BX:BX, B226, 거래명세서품목조회!G:G, ">="&(EOMONTH($B$3, -1)+1), 거래명세서품목조회!G:G, "<="&EOMONTH($B$3, 0)) -> 0 | K226: =SUMIFS('입금다중입력(잔액기준)'!$O:$O, '입금다중입력(잔액기준)'!$E:$E, B226, '입금다중입력(잔액기준)'!$M:$M, "국내외상매출금") -> 0 | L226: =IFERROR(H226+I226+J226-K226,0) -> 0 | M226: =SUMIFS(거래명세서품목조회!BK:BK, 거래명세서품목조회!BX:BX, B226, 거래명세서품목조회!G:G, "<="&(INT($B$4)-30)) -> 0 | N226: =MIN(L226, I226+J226) -> 0 | O226: =MIN(MAX(0, L226-N226), F226) -> 0 | P226: =MIN(MAX(0, L226-N226-O226), IFERROR(VLOOKUP(B226, '관리항목계정별잔액조회(전전월)'!$C:$E, 3, FALSE), 0)) -> 0 | Q226: =IF(H226=0, 0, MAX(0, L226-N226-O226-P226)) -> 0 | R226: =IF((COUNTIFS('관리항목계정별잔액조회(전월)'!$C:$C, B226, '관리항목계정별잔액조회(전월)'!$B:$B, "외화외상매출금") + COUNTIFS('관리항목계정별잔액조회(전전월)'!$C:$C, B226, '관리항목계정별잔액조회(전전월)'!$B:$B, "외화외상매출금")) > 0, "외화", "국내") -> 국내
C227: =IFERROR(VLOOKUP(B227,거래처별담당자!C:F,4,0), "#미등록") -> #미등록 | D227: =IF(ISNUMBER(SEARCH("애터미_수출",B227)),"애터미_수출",IF(ISNUMBER(SEARCH("애터미",B227)),"애터미",IF(ISNUMBER(SEARCH("매나테크",B227)),"매나테크",IF(ISNUMBER(SEARCH("Mannatech, Incorporated",B227)),"매나테크",IFERROR(VLOOKUP(B227,거래처별담당자!C:F,3,0),"#미등록"))))) -> #미등록 | E227: =SUMIF('관리항목계정별잔액조회(전월)'!$C:$C,B227,'관리항목계정별잔액조회(전월)'!$D:$D) -> 0 | F227: =SUMIF('관리항목계정별잔액조회(전월)'!$C:$C,B227,'관리항목계정별잔액조회(전월)'!$E:$E) -> 0 | G227: =SUMIF('관리항목계정별잔액조회(전월)'!$C:$C,B227,'관리항목계정별잔액조회(전월)'!$F:$F) -> 0 | H227: =SUMIF('관리항목계정별잔액조회(전월)'!$C:$C,B227,'관리항목계정별잔액조회(전월)'!$G:$G) -> 0 | I227: =SUMIFS(거래명세서품목조회!BK:BK, 거래명세서품목조회!BX:BX, B227, 거래명세서품목조회!G:G, "<"&(EOMONTH($B$3, -1)+1))+SUMIFS(부서별전표작성조회!$I:$I,부서별전표작성조회!$AG:$AG,B227,부서별전표작성조회!$F:$F,"국내외상매출금",부서별전표작성조회!$V:$V,"") -> 0 | J227: =SUMIFS(거래명세서품목조회!AN:AN, 거래명세서품목조회!BX:BX, B227, 거래명세서품목조회!G:G, ">="&(EOMONTH($B$3, -1)+1), 거래명세서품목조회!G:G, "<="&EOMONTH($B$3, 0)) -> 0 | K227: =SUMIFS('입금다중입력(잔액기준)'!$O:$O, '입금다중입력(잔액기준)'!$E:$E, B227, '입금다중입력(잔액기준)'!$M:$M, "국내외상매출금") -> 0 | L227: =IFERROR(H227+I227+J227-K227,0) -> 0 | M227: =SUMIFS(거래명세서품목조회!BK:BK, 거래명세서품목조회!BX:BX, B227, 거래명세서품목조회!G:G, "<="&(INT($B$4)-30)) -> 0 | N227: =MIN(L227, I227+J227) -> 0 | O227: =MIN(MAX(0, L227-N227), F227) -> 0 | P227: =MIN(MAX(0, L227-N227-O227), IFERROR(VLOOKUP(B227, '관리항목계정별잔액조회(전전월)'!$C:$E, 3, FALSE), 0)) -> 0 | Q227: =IF(H227=0, 0, MAX(0, L227-N227-O227-P227)) -> 0 | R227: =IF((COUNTIFS('관리항목계정별잔액조회(전월)'!$C:$C, B227, '관리항목계정별잔액조회(전월)'!$B:$B, "외화외상매출금") + COUNTIFS('관리항목계정별잔액조회(전전월)'!$C:$C, B227, '관리항목계정별잔액조회(전전월)'!$B:$B, "외화외상매출금")) > 0, "외화", "국내") -> 국내
C228: =IFERROR(VLOOKUP(B228,거래처별담당자!C:F,4,0), "#미등록") -> #미등록 | D228: =IF(ISNUMBER(SEARCH("애터미_수출",B228)),"애터미_수출",IF(ISNUMBER(SEARCH("애터미",B228)),"애터미",IF(ISNUMBER(SEARCH("매나테크",B228)),"매나테크",IF(ISNUMBER(SEARCH("Mannatech, Incorporated",B228)),"매나테크",IFERROR(VLOOKUP(B228,거래처별담당자!C:F,3,0),"#미등록"))))) -> #미등록 | E228: =SUMIF('관리항목계정별잔액조회(전월)'!$C:$C,B228,'관리항목계정별잔액조회(전월)'!$D:$D) -> 0 | F228: =SUMIF('관리항목계정별잔액조회(전월)'!$C:$C,B228,'관리항목계정별잔액조회(전월)'!$E:$E) -> 0 | G228: =SUMIF('관리항목계정별잔액조회(전월)'!$C:$C,B228,'관리항목계정별잔액조회(전월)'!$F:$F) -> 0 | H228: =SUMIF('관리항목계정별잔액조회(전월)'!$C:$C,B228,'관리항목계정별잔액조회(전월)'!$G:$G) -> 0 | I228: =SUMIFS(거래명세서품목조회!BK:BK, 거래명세서품목조회!BX:BX, B228, 거래명세서품목조회!G:G, "<"&(EOMONTH($B$3, -1)+1))+SUMIFS(부서별전표작성조회!$I:$I,부서별전표작성조회!$AG:$AG,B228,부서별전표작성조회!$F:$F,"국내외상매출금",부서별전표작성조회!$V:$V,"") -> 0 | J228: =SUMIFS(거래명세서품목조회!AN:AN, 거래명세서품목조회!BX:BX, B228, 거래명세서품목조회!G:G, ">="&(EOMONTH($B$3, -1)+1), 거래명세서품목조회!G:G, "<="&EOMONTH($B$3, 0)) -> 0 | K228: =SUMIFS('입금다중입력(잔액기준)'!$O:$O, '입금다중입력(잔액기준)'!$E:$E, B228, '입금다중입력(잔액기준)'!$M:$M, "국내외상매출금") -> 0 | L228: =IFERROR(H228+I228+J228-K228,0) -> 0 | M228: =SUMIFS(거래명세서품목조회!BK:BK, 거래명세서품목조회!BX:BX, B228, 거래명세서품목조회!G:G, "<="&(INT($B$4)-30)) -> 0 | N228: =MIN(L228, I228+J228) -> 0 | O228: =MIN(MAX(0, L228-N228), F228) -> 0 | P228: =MIN(MAX(0, L228-N228-O228), IFERROR(VLOOKUP(B228, '관리항목계정별잔액조회(전전월)'!$C:$E, 3, FALSE), 0)) -> 0 | Q228: =IF(H228=0, 0, MAX(0, L228-N228-O228-P228)) -> 0 | R228: =IF((COUNTIFS('관리항목계정별잔액조회(전월)'!$C:$C, B228, '관리항목계정별잔액조회(전월)'!$B:$B, "외화외상매출금") + COUNTIFS('관리항목계정별잔액조회(전전월)'!$C:$C, B228, '관리항목계정별잔액조회(전전월)'!$B:$B, "외화외상매출금")) > 0, "외화", "국내") -> 국내
C229: =IFERROR(VLOOKUP(B229,거래처별담당자!C:F,4,0), "#미등록") -> #미등록 | D229: =IF(ISNUMBER(SEARCH("애터미_수출",B229)),"애터미_수출",IF(ISNUMBER(SEARCH("애터미",B229)),"애터미",IF(ISNUMBER(SEARCH("매나테크",B229)),"매나테크",IF(ISNUMBER(SEARCH("Mannatech, Incorporated",B229)),"매나테크",IFERROR(VLOOKUP(B229,거래처별담당자!C:F,3,0),"#미등록"))))) -> #미등록 | E229: =SUMIF('관리항목계정별잔액조회(전월)'!$C:$C,B229,'관리항목계정별잔액조회(전월)'!$D:$D) -> 0 | F229: =SUMIF('관리항목계정별잔액조회(전월)'!$C:$C,B229,'관리항목계정별잔액조회(전월)'!$E:$E) -> 0 | G229: =SUMIF('관리항목계정별잔액조회(전월)'!$C:$C,B229,'관리항목계정별잔액조회(전월)'!$F:$F) -> 0 | H229: =SUMIF('관리항목계정별잔액조회(전월)'!$C:$C,B229,'관리항목계정별잔액조회(전월)'!$G:$G) -> 0 | I229: =SUMIFS(거래명세서품목조회!BK:BK, 거래명세서품목조회!BX:BX, B229, 거래명세서품목조회!G:G, "<"&(EOMONTH($B$3, -1)+1))+SUMIFS(부서별전표작성조회!$I:$I,부서별전표작성조회!$AG:$AG,B229,부서별전표작성조회!$F:$F,"국내외상매출금",부서별전표작성조회!$V:$V,"") -> 0 | J229: =SUMIFS(거래명세서품목조회!AN:AN, 거래명세서품목조회!BX:BX, B229, 거래명세서품목조회!G:G, ">="&(EOMONTH($B$3, -1)+1), 거래명세서품목조회!G:G, "<="&EOMONTH($B$3, 0)) -> 0 | K229: =SUMIFS('입금다중입력(잔액기준)'!$O:$O, '입금다중입력(잔액기준)'!$E:$E, B229, '입금다중입력(잔액기준)'!$M:$M, "국내외상매출금") -> 0 | L229: =IFERROR(H229+I229+J229-K229,0) -> 0 | M229: =SUMIFS(거래명세서품목조회!BK:BK, 거래명세서품목조회!BX:BX, B229, 거래명세서품목조회!G:G, "<="&(INT($B$4)-30)) -> 0 | N229: =MIN(L229, I229+J229) -> 0 | O229: =MIN(MAX(0, L229-N229), F229) -> 0 | P229: =MIN(MAX(0, L229-N229-O229), IFERROR(VLOOKUP(B229, '관리항목계정별잔액조회(전전월)'!$C:$E, 3, FALSE), 0)) -> 0 | Q229: =IF(H229=0, 0, MAX(0, L229-N229-O229-P229)) -> 0 | R229: =IF((COUNTIFS('관리항목계정별잔액조회(전월)'!$C:$C, B229, '관리항목계정별잔액조회(전월)'!$B:$B, "외화외상매출금") + COUNTIFS('관리항목계정별잔액조회(전전월)'!$C:$C, B229, '관리항목계정별잔액조회(전전월)'!$B:$B, "외화외상매출금")) > 0, "외화", "국내") -> 국내
C230: =IFERROR(VLOOKUP(B230,거래처별담당자!C:F,4,0), "#미등록") -> #미등록 | D230: =IF(ISNUMBER(SEARCH("애터미_수출",B230)),"애터미_수출",IF(ISNUMBER(SEARCH("애터미",B230)),"애터미",IF(ISNUMBER(SEARCH("매나테크",B230)),"매나테크",IF(ISNUMBER(SEARCH("Mannatech, Incorporated",B230)),"매나테크",IFERROR(VLOOKUP(B230,거래처별담당자!C:F,3,0),"#미등록"))))) -> #미등록 | E230: =SUMIF('관리항목계정별잔액조회(전월)'!$C:$C,B230,'관리항목계정별잔액조회(전월)'!$D:$D) -> 0 | F230: =SUMIF('관리항목계정별잔액조회(전월)'!$C:$C,B230,'관리항목계정별잔액조회(전월)'!$E:$E) -> 0 | G230: =SUMIF('관리항목계정별잔액조회(전월)'!$C:$C,B230,'관리항목계정별잔액조회(전월)'!$F:$F) -> 0 | H230: =SUMIF('관리항목계정별잔액조회(전월)'!$C:$C,B230,'관리항목계정별잔액조회(전월)'!$G:$G) -> 0 | I230: =SUMIFS(거래명세서품목조회!BK:BK, 거래명세서품목조회!BX:BX, B230, 거래명세서품목조회!G:G, "<"&(EOMONTH($B$3, -1)+1))+SUMIFS(부서별전표작성조회!$I:$I,부서별전표작성조회!$AG:$AG,B230,부서별전표작성조회!$F:$F,"국내외상매출금",부서별전표작성조회!$V:$V,"") -> 0 | J230: =SUMIFS(거래명세서품목조회!AN:AN, 거래명세서품목조회!BX:BX, B230, 거래명세서품목조회!G:G, ">="&(EOMONTH($B$3, -1)+1), 거래명세서품목조회!G:G, "<="&EOMONTH($B$3, 0)) -> 0 | K230: =SUMIFS('입금다중입력(잔액기준)'!$O:$O, '입금다중입력(잔액기준)'!$E:$E, B230, '입금다중입력(잔액기준)'!$M:$M, "국내외상매출금") -> 0 | L230: =IFERROR(H230+I230+J230-K230,0) -> 0 | M230: =SUMIFS(거래명세서품목조회!BK:BK, 거래명세서품목조회!BX:BX, B230, 거래명세서품목조회!G:G, "<="&(INT($B$4)-30)) -> 0 | N230: =MIN(L230, I230+J230) -> 0 | O230: =MIN(MAX(0, L230-N230), F230) -> 0 | P230: =MIN(MAX(0, L230-N230-O230), IFERROR(VLOOKUP(B230, '관리항목계정별잔액조회(전전월)'!$C:$E, 3, FALSE), 0)) -> 0 | Q230: =IF(H230=0, 0, MAX(0, L230-N230-O230-P230)) -> 0 | R230: =IF((COUNTIFS('관리항목계정별잔액조회(전월)'!$C:$C, B230, '관리항목계정별잔액조회(전월)'!$B:$B, "외화외상매출금") + COUNTIFS('관리항목계정별잔액조회(전전월)'!$C:$C, B230, '관리항목계정별잔액조회(전전월)'!$B:$B, "외화외상매출금")) > 0, "외화", "국내") -> 국내
C231: =IFERROR(VLOOKUP(B231,거래처별담당자!C:F,4,0), "#미등록") -> #미등록 | D231: =IF(ISNUMBER(SEARCH("애터미_수출",B231)),"애터미_수출",IF(ISNUMBER(SEARCH("애터미",B231)),"애터미",IF(ISNUMBER(SEARCH("매나테크",B231)),"매나테크",IF(ISNUMBER(SEARCH("Mannatech, Incorporated",B231)),"매나테크",IFERROR(VLOOKUP(B231,거래처별담당자!C:F,3,0),"#미등록"))))) -> #미등록 | E231: =SUMIF('관리항목계정별잔액조회(전월)'!$C:$C,B231,'관리항목계정별잔액조회(전월)'!$D:$D) -> 0 | F231: =SUMIF('관리항목계정별잔액조회(전월)'!$C:$C,B231,'관리항목계정별잔액조회(전월)'!$E:$E) -> 0 | G231: =SUMIF('관리항목계정별잔액조회(전월)'!$C:$C,B231,'관리항목계정별잔액조회(전월)'!$F:$F) -> 0 | H231: =SUMIF('관리항목계정별잔액조회(전월)'!$C:$C,B231,'관리항목계정별잔액조회(전월)'!$G:$G) -> 0 | I231: =SUMIFS(거래명세서품목조회!BK:BK, 거래명세서품목조회!BX:BX, B231, 거래명세서품목조회!G:G, "<"&(EOMONTH($B$3, -1)+1))+SUMIFS(부서별전표작성조회!$I:$I,부서별전표작성조회!$AG:$AG,B231,부서별전표작성조회!$F:$F,"국내외상매출금",부서별전표작성조회!$V:$V,"") -> 0 | J231: =SUMIFS(거래명세서품목조회!AN:AN, 거래명세서품목조회!BX:BX, B231, 거래명세서품목조회!G:G, ">="&(EOMONTH($B$3, -1)+1), 거래명세서품목조회!G:G, "<="&EOMONTH($B$3, 0)) -> 0 | K231: =SUMIFS('입금다중입력(잔액기준)'!$O:$O, '입금다중입력(잔액기준)'!$E:$E, B231, '입금다중입력(잔액기준)'!$M:$M, "국내외상매출금") -> 0 | L231: =IFERROR(H231+I231+J231-K231,0) -> 0 | M231: =SUMIFS(거래명세서품목조회!BK:BK, 거래명세서품목조회!BX:BX, B231, 거래명세서품목조회!G:G, "<="&(INT($B$4)-30)) -> 0 | N231: =MIN(L231, I231+J231) -> 0 | O231: =MIN(MAX(0, L231-N231), F231) -> 0 | P231: =MIN(MAX(0, L231-N231-O231), IFERROR(VLOOKUP(B231, '관리항목계정별잔액조회(전전월)'!$C:$E, 3, FALSE), 0)) -> 0 | Q231: =IF(H231=0, 0, MAX(0, L231-N231-O231-P231)) -> 0 | R231: =IF((COUNTIFS('관리항목계정별잔액조회(전월)'!$C:$C, B231, '관리항목계정별잔액조회(전월)'!$B:$B, "외화외상매출금") + COUNTIFS('관리항목계정별잔액조회(전전월)'!$C:$C, B231, '관리항목계정별잔액조회(전전월)'!$B:$B, "외화외상매출금")) > 0, "외화", "국내") -> 국내
C232: =IFERROR(VLOOKUP(B232,거래처별담당자!C:F,4,0), "#미등록") -> #미등록 | D232: =IF(ISNUMBER(SEARCH("애터미_수출",B232)),"애터미_수출",IF(ISNUMBER(SEARCH("애터미",B232)),"애터미",IF(ISNUMBER(SEARCH("매나테크",B232)),"매나테크",IF(ISNUMBER(SEARCH("Mannatech, Incorporated",B232)),"매나테크",IFERROR(VLOOKUP(B232,거래처별담당자!C:F,3,0),"#미등록"))))) -> #미등록 | E232: =SUMIF('관리항목계정별잔액조회(전월)'!$C:$C,B232,'관리항목계정별잔액조회(전월)'!$D:$D) -> 0 | F232: =SUMIF('관리항목계정별잔액조회(전월)'!$C:$C,B232,'관리항목계정별잔액조회(전월)'!$E:$E) -> 0 | G232: =SUMIF('관리항목계정별잔액조회(전월)'!$C:$C,B232,'관리항목계정별잔액조회(전월)'!$F:$F) -> 0 | H232: =SUMIF('관리항목계정별잔액조회(전월)'!$C:$C,B232,'관리항목계정별잔액조회(전월)'!$G:$G) -> 0 | I232: =SUMIFS(거래명세서품목조회!BK:BK, 거래명세서품목조회!BX:BX, B232, 거래명세서품목조회!G:G, "<"&(EOMONTH($B$3, -1)+1))+SUMIFS(부서별전표작성조회!$I:$I,부서별전표작성조회!$AG:$AG,B232,부서별전표작성조회!$F:$F,"국내외상매출금",부서별전표작성조회!$V:$V,"") -> 0 | J232: =SUMIFS(거래명세서품목조회!AN:AN, 거래명세서품목조회!BX:BX, B232, 거래명세서품목조회!G:G, ">="&(EOMONTH($B$3, -1)+1), 거래명세서품목조회!G:G, "<="&EOMONTH($B$3, 0)) -> 0 | K232: =SUMIFS('입금다중입력(잔액기준)'!$O:$O, '입금다중입력(잔액기준)'!$E:$E, B232, '입금다중입력(잔액기준)'!$M:$M, "국내외상매출금") -> 0 | L232: =IFERROR(H232+I232+J232-K232,0) -> 0 | M232: =SUMIFS(거래명세서품목조회!BK:BK, 거래명세서품목조회!BX:BX, B232, 거래명세서품목조회!G:G, "<="&(INT($B$4)-30)) -> 0 | N232: =MIN(L232, I232+J232) -> 0 | O232: =MIN(MAX(0, L232-N232), F232) -> 0 | P232: =MIN(MAX(0, L232-N232-O232), IFERROR(VLOOKUP(B232, '관리항목계정별잔액조회(전전월)'!$C:$E, 3, FALSE), 0)) -> 0 | Q232: =IF(H232=0, 0, MAX(0, L232-N232-O232-P232)) -> 0 | R232: =IF((COUNTIFS('관리항목계정별잔액조회(전월)'!$C:$C, B232, '관리항목계정별잔액조회(전월)'!$B:$B, "외화외상매출금") + COUNTIFS('관리항목계정별잔액조회(전전월)'!$C:$C, B232, '관리항목계정별잔액조회(전전월)'!$B:$B, "외화외상매출금")) > 0, "외화", "국내") -> 국내
C233: =IFERROR(VLOOKUP(B233,거래처별담당자!C:F,4,0), "#미등록") -> #미등록 | D233: =IF(ISNUMBER(SEARCH("애터미_수출",B233)),"애터미_수출",IF(ISNUMBER(SEARCH("애터미",B233)),"애터미",IF(ISNUMBER(SEARCH("매나테크",B233)),"매나테크",IF(ISNUMBER(SEARCH("Mannatech, Incorporated",B233)),"매나테크",IFERROR(VLOOKUP(B233,거래처별담당자!C:F,3,0),"#미등록"))))) -> #미등록 | E233: =SUMIF('관리항목계정별잔액조회(전월)'!$C:$C,B233,'관리항목계정별잔액조회(전월)'!$D:$D) -> 0 | F233: =SUMIF('관리항목계정별잔액조회(전월)'!$C:$C,B233,'관리항목계정별잔액조회(전월)'!$E:$E) -> 0 | G233: =SUMIF('관리항목계정별잔액조회(전월)'!$C:$C,B233,'관리항목계정별잔액조회(전월)'!$F:$F) -> 0 | H233: =SUMIF('관리항목계정별잔액조회(전월)'!$C:$C,B233,'관리항목계정별잔액조회(전월)'!$G:$G) -> 0 | I233: =SUMIFS(거래명세서품목조회!BK:BK, 거래명세서품목조회!BX:BX, B233, 거래명세서품목조회!G:G, "<"&(EOMONTH($B$3, -1)+1))+SUMIFS(부서별전표작성조회!$I:$I,부서별전표작성조회!$AG:$AG,B233,부서별전표작성조회!$F:$F,"국내외상매출금",부서별전표작성조회!$V:$V,"") -> 0 | J233: =SUMIFS(거래명세서품목조회!AN:AN, 거래명세서품목조회!BX:BX, B233, 거래명세서품목조회!G:G, ">="&(EOMONTH($B$3, -1)+1), 거래명세서품목조회!G:G, "<="&EOMONTH($B$3, 0)) -> 0 | K233: =SUMIFS('입금다중입력(잔액기준)'!$O:$O, '입금다중입력(잔액기준)'!$E:$E, B233, '입금다중입력(잔액기준)'!$M:$M, "국내외상매출금") -> 0 | L233: =IFERROR(H233+I233+J233-K233,0) -> 0 | M233: =SUMIFS(거래명세서품목조회!BK:BK, 거래명세서품목조회!BX:BX, B233, 거래명세서품목조회!G:G, "<="&(INT($B$4)-30)) -> 0 | N233: =MIN(L233, I233+J233) -> 0 | O233: =MIN(MAX(0, L233-N233), F233) -> 0 | P233: =MIN(MAX(0, L233-N233-O233), IFERROR(VLOOKUP(B233, '관리항목계정별잔액조회(전전월)'!$C:$E, 3, FALSE), 0)) -> 0 | Q233: =IF(H233=0, 0, MAX(0, L233-N233-O233-P233)) -> 0 | R233: =IF((COUNTIFS('관리항목계정별잔액조회(전월)'!$C:$C, B233, '관리항목계정별잔액조회(전월)'!$B:$B, "외화외상매출금") + COUNTIFS('관리항목계정별잔액조회(전전월)'!$C:$C, B233, '관리항목계정별잔액조회(전전월)'!$B:$B, "외화외상매출금")) > 0, "외화", "국내") -> 국내
C234: =IFERROR(VLOOKUP(B234,거래처별담당자!C:F,4,0), "#미등록") -> #미등록 | D234: =IF(ISNUMBER(SEARCH("애터미_수출",B234)),"애터미_수출",IF(ISNUMBER(SEARCH("애터미",B234)),"애터미",IF(ISNUMBER(SEARCH("매나테크",B234)),"매나테크",IF(ISNUMBER(SEARCH("Mannatech, Incorporated",B234)),"매나테크",IFERROR(VLOOKUP(B234,거래처별담당자!C:F,3,0),"#미등록"))))) -> #미등록 | E234: =SUMIF('관리항목계정별잔액조회(전월)'!$C:$C,B234,'관리항목계정별잔액조회(전월)'!$D:$D) -> 0 | F234: =SUMIF('관리항목계정별잔액조회(전월)'!$C:$C,B234,'관리항목계정별잔액조회(전월)'!$E:$E) -> 0 | G234: =SUMIF('관리항목계정별잔액조회(전월)'!$C:$C,B234,'관리항목계정별잔액조회(전월)'!$F:$F) -> 0 | H234: =SUMIF('관리항목계정별잔액조회(전월)'!$C:$C,B234,'관리항목계정별잔액조회(전월)'!$G:$G) -> 0 | I234: =SUMIFS(거래명세서품목조회!BK:BK, 거래명세서품목조회!BX:BX, B234, 거래명세서품목조회!G:G, "<"&(EOMONTH($B$3, -1)+1))+SUMIFS(부서별전표작성조회!$I:$I,부서별전표작성조회!$AG:$AG,B234,부서별전표작성조회!$F:$F,"국내외상매출금",부서별전표작성조회!$V:$V,"") -> 0 | J234: =SUMIFS(거래명세서품목조회!AN:AN, 거래명세서품목조회!BX:BX, B234, 거래명세서품목조회!G:G, ">="&(EOMONTH($B$3, -1)+1), 거래명세서품목조회!G:G, "<="&EOMONTH($B$3, 0)) -> 0 | K234: =SUMIFS('입금다중입력(잔액기준)'!$O:$O, '입금다중입력(잔액기준)'!$E:$E, B234, '입금다중입력(잔액기준)'!$M:$M, "국내외상매출금") -> 0 | L234: =IFERROR(H234+I234+J234-K234,0) -> 0 | M234: =SUMIFS(거래명세서품목조회!BK:BK, 거래명세서품목조회!BX:BX, B234, 거래명세서품목조회!G:G, "<="&(INT($B$4)-30)) -> 0 | N234: =MIN(L234, I234+J234) -> 0 | O234: =MIN(MAX(0, L234-N234), F234) -> 0 | P234: =MIN(MAX(0, L234-N234-O234), IFERROR(VLOOKUP(B234, '관리항목계정별잔액조회(전전월)'!$C:$E, 3, FALSE), 0)) -> 0 | Q234: =IF(H234=0, 0, MAX(0, L234-N234-O234-P234)) -> 0 | R234: =IF((COUNTIFS('관리항목계정별잔액조회(전월)'!$C:$C, B234, '관리항목계정별잔액조회(전월)'!$B:$B, "외화외상매출금") + COUNTIFS('관리항목계정별잔액조회(전전월)'!$C:$C, B234, '관리항목계정별잔액조회(전전월)'!$B:$B, "외화외상매출금")) > 0, "외화", "국내") -> 국내
C235: =IFERROR(VLOOKUP(B235,거래처별담당자!C:F,4,0), "#미등록") -> #미등록 | D235: =IF(ISNUMBER(SEARCH("애터미_수출",B235)),"애터미_수출",IF(ISNUMBER(SEARCH("애터미",B235)),"애터미",IF(ISNUMBER(SEARCH("매나테크",B235)),"매나테크",IF(ISNUMBER(SEARCH("Mannatech, Incorporated",B235)),"매나테크",IFERROR(VLOOKUP(B235,거래처별담당자!C:F,3,0),"#미등록"))))) -> #미등록 | E235: =SUMIF('관리항목계정별잔액조회(전월)'!$C:$C,B235,'관리항목계정별잔액조회(전월)'!$D:$D) -> 0 | F235: =SUMIF('관리항목계정별잔액조회(전월)'!$C:$C,B235,'관리항목계정별잔액조회(전월)'!$E:$E) -> 0 | G235: =SUMIF('관리항목계정별잔액조회(전월)'!$C:$C,B235,'관리항목계정별잔액조회(전월)'!$F:$F) -> 0 | H235: =SUMIF('관리항목계정별잔액조회(전월)'!$C:$C,B235,'관리항목계정별잔액조회(전월)'!$G:$G) -> 0 | I235: =SUMIFS(거래명세서품목조회!BK:BK, 거래명세서품목조회!BX:BX, B235, 거래명세서품목조회!G:G, "<"&(EOMONTH($B$3, -1)+1))+SUMIFS(부서별전표작성조회!$I:$I,부서별전표작성조회!$AG:$AG,B235,부서별전표작성조회!$F:$F,"국내외상매출금",부서별전표작성조회!$V:$V,"") -> 0 | J235: =SUMIFS(거래명세서품목조회!AN:AN, 거래명세서품목조회!BX:BX, B235, 거래명세서품목조회!G:G, ">="&(EOMONTH($B$3, -1)+1), 거래명세서품목조회!G:G, "<="&EOMONTH($B$3, 0)) -> 0 | K235: =SUMIFS('입금다중입력(잔액기준)'!$O:$O, '입금다중입력(잔액기준)'!$E:$E, B235, '입금다중입력(잔액기준)'!$M:$M, "국내외상매출금") -> 0 | L235: =IFERROR(H235+I235+J235-K235,0) -> 0 | M235: =SUMIFS(거래명세서품목조회!BK:BK, 거래명세서품목조회!BX:BX, B235, 거래명세서품목조회!G:G, "<="&(INT($B$4)-30)) -> 0 | N235: =MIN(L235, I235+J235) -> 0 | O235: =MIN(MAX(0, L235-N235), F235) -> 0 | P235: =MIN(MAX(0, L235-N235-O235), IFERROR(VLOOKUP(B235, '관리항목계정별잔액조회(전전월)'!$C:$E, 3, FALSE), 0)) -> 0 | Q235: =IF(H235=0, 0, MAX(0, L235-N235-O235-P235)) -> 0 | R235: =IF((COUNTIFS('관리항목계정별잔액조회(전월)'!$C:$C, B235, '관리항목계정별잔액조회(전월)'!$B:$B, "외화외상매출금") + COUNTIFS('관리항목계정별잔액조회(전전월)'!$C:$C, B235, '관리항목계정별잔액조회(전전월)'!$B:$B, "외화외상매출금")) > 0, "외화", "국내") -> 국내
... C1127: =IFERROR(VLOOKUP(B1127,거래처별담당자!C:F,4,0), "#미등록") -> #미등록 | D1127: =IF(ISNUMBER(SEARCH("애터미_수출",B1127)),"애터미_수출",IF(ISNUMBER(SEARCH("애터미",B1127)),"애터미",IF(ISNUMBER(SEARCH("매나테크",B1127)),"매나테크",IF(ISNUMBER(SEARCH("Mannatech, Incorporated",B1127)),"매나테크",IFERROR(VLOOKUP(B1127,거래처별담당자!C:F,3,0),"#미등록"))))) -> #미등록 | E1127: =SUMIF('관리항목계정별잔액조회(전월)'!$C:$C,B1127,'관리항목계정별잔액조회(전월)'!$D:$D) -> 0 | F1127: =SUMIF('관리항목계정별잔액조회(전월)'!$C:$C,B1127,'관리항목계정별잔액조회(전월)'!$E:$E) -> 0 | G1127: =SUMIF('관리항목계정별잔액조회(전월)'!$C:$C,B1127,'관리항목계정별잔액조회(전월)'!$F:$F) -> 0 | H1127: =SUMIF('관리항목계정별잔액조회(전월)'!$C:$C,B1127,'관리항목계정별잔액조회(전월)'!$G:$G) -> 0 | I1127: =SUMIFS(거래명세서품목조회!BK:BK, 거래명세서품목조회!BX:BX, B1127, 거래명세서품목조회!G:G, "<"&(EOMONTH($B$3, -1)+1))+SUMIFS(부서별전표작성조회!$I:$I,부서별전표작성조회!$AG:$AG,B1127,부서별전표작성조회!$F:$F,"국내외상매출금",부서별전표작성조회!$V:$V,"") -> 0 | J1127: =SUMIFS(거래명세서품목조회!AN:AN, 거래명세서품목조회!BX:BX, B1127, 거래명세서품목조회!G:G, ">="&(EOMONTH($B$3, -1)+1), 거래명세서품목조회!G:G, "<="&EOMONTH($B$3, 0)) -> 0 | K1127: =SUMIFS('입금다중입력(잔액기준)'!$O:$O, '입금다중입력(잔액기준)'!$E:$E, B1127, '입금다중입력(잔액기준)'!$M:$M, "국내외상매출금") -> 0 | L1127: =IFERROR(H1127+I1127+J1127-K1127,0) -> 0 | M1127: =SUMIFS(거래명세서품목조회!BK:BK, 거래명세서품목조회!BX:BX, B1127, 거래명세서품목조회!G:G, "<="&(INT($B$4)-30)) -> 0 | N1127: =MIN(L1127, I1127+J1127) -> 0 | O1127: =MIN(MAX(0, L1127-N1127), F1127) -> 0 | P1127: =MIN(MAX(0, L1127-N1127-O1127), IFERROR(VLOOKUP(B1127, '관리항목계정별잔액조회(전전월)'!$C:$E, 3, FALSE), 0)) -> 0 | Q1127: =IF(H1127=0, 0, MAX(0, L1127-N1127-O1127-P1127)) -> 0 | R1127: =IF((COUNTIFS('관리항목계정별잔액조회(전월)'!$C:$C, B1127, '관리항목계정별잔액조회(전월)'!$B:$B, "외화외상매출금") + COUNTIFS('관리항목계정별잔액조회(전전월)'!$C:$C, B1127, '관리항목계정별잔액조회(전전월)'!$B:$B, "외화외상매출금")) > 0, "외화", "국내") -> 국내

Sheet 거래명세서품목조회
B1: 선택 | C1: 출고확인 | D1: P/O No. | E1: 사업부문 | F1: 거래명세서번호 | G1: 거래명세서일 | H1: 수출구분 | I1: 출고구분 | J1: 부서 | K1: 담당자 | L1: 청구처 | M1: 거래처 | N1: 거래처번호 | O1: 거래처사업자번호 | P1: 납품거래처 | Q1: 인도조건 | R1: 판매후보관 | S1: 품번 | T1: 품명 | U1: 규격 | V1: 품목대분류 | W1: 품목중분류 | X1: 품목소분류 | Y1: 판매단위코드 | Z1: 판매단위 | AA1: 정가 | AB1: 판매기준가 | AC1: 수량 | AD1: 부가세포함 | AE1: 부가세율 | AF1: 통화 | AG1: 환율 | AH1: 판매단가 | AI1: 판매금액 | AJ1: 부가세액 | AK1: 판매금액계 | AL1: 원화판매금액 | AM1: 원화부가세액 | AN1: 원화판매금액계 | AO1: 기준단위코드 | AP1: 기준단위 | AQ1: 기준단위수량 | AR1: 창고 | AS1: LOT No. | AT1: 기타출고여부 | AU1: 진행상태 | AV1: 기타출고진행상태 | AW1: 마스터비고 | AX1: 비고 | AY1: 매출시점 | AZ1: 프로젝트여부 | BA1: 진행조회 | BB1: 원천조회 | BC1: 원천관리번호 | BD1: 원천번호 | BE1: 반품 | BF1: 생산사양 | BG1: 생산사양항목 | BH1: 생산사양항목값 | BI1: 매출수량 | BJ1: 매출금액계 | BK1: 미매출금액 | BL1: 거래처품명 | BM1: 거래처품번 | BN1: 거래처규격 | BO1: 기타출고구분 | BP1: 품목자산분류 | BQ1: 마스터메모 | BR1: 수량(BOX) | BS1: 창고Location | BT1: 대리점 | BU1: 중개인 | BV1: 수취인명 | BW1: 담당자변환 | BX1: 거래처변환 | BZ1: *ERP거래명세서품목조회 (당월: 진행상태-전체(조회일전일까지), 전월+전전월 진행상태-미완료만) *업데이트할때 기존 내용 삭제XXX 지우기
C2: TRUE | E2: 제약사업부 | F2: 202609010001 | G2: 2026-09-01 | H2: 내수 | I2: 판매출고 | J2: CSO팀 | K2: 김화니 | L2: 디엔메디 | M2: 디엔메디 | O2: 410-86-27501 | P2: 디엔메디 | R2: FALSE | S2: PKRTC090B | T2: 케라스트캡슐(병) | U2: 90 | V2: 자사 | W2: 자사_내용고형제 | X2: 자사_경질캡슐 | Z2: EA | AA2: 36000 | AB2: 32400 | AC2: 23 | AD2: TRUE | AE2: 10 | AF2: KRW | AG2: 1 | AH2: 32400 | AI2: 677455 | AJ2: 67745 | AK2: 745200 | AL2: 677455 | AM2: 67745 | AN2: 745200 | AP2: EA | AQ2: 23 | AR2: PICO 출고창고 | AS2: 26003 | AT2: FALSE | AU2: 작성(미확정) | AW2: PICO | AY2: 세금계산서매출 | AZ2: FALSE | BE2: FALSE | BF2: FALSE | BI2: 0 | BJ2: 0 | BK2: 745200 | BP2: 제품 | BS2: 0 | BV2: 홍순영 | BW2: =VLOOKUP(BX2,거래처별담당자!$C:$E,3,0) -> 김화니 | BX2: =IFERROR(VLOOKUP(M2, 할인점점포등록!E:I, 5, 0), M2) -> 디엔메디
C3: TRUE | E3: 제약사업부 | F3: 202609010001 | G3: 2026-09-01 | H3: 내수 | I3: 판매출고 | J3: CSO팀 | K3: 김화니 | L3: 디엔메디 | M3: 디엔메디 | O3: 410-86-27501 | P3: 디엔메디 | R3: FALSE | S3: PBLMT300B | T3: 베리맥정10밀리그램(베포타스틴베실산염) | U3: 300 | V3: 자사 | W3: 자사_내용고형제 | X3: 자사_정제 | Z3: EA | AA3: 44400 | AB3: 39960 | AC3: 100 | AD3: TRUE | AE3: 10 | AF3: KRW | AG3: 1 | AH3: 39960 | AI3: 3632727 | AJ3: 363273 | AK3: 3996000 | AL3: 3632727 | AM3: 363273 | AN3: 3996000 | AP3: EA | AQ3: 100 | AR3: PICO 출고창고 | AS3: 26004 | AT3: FALSE | AU3: 작성(미확정) | AW3: PICO | AY3: 세금계산서매출 | AZ3: FALSE | BE3: FALSE | BF3: FALSE | BI3: 0 | BJ3: 0 | BK3: 3996000 | BP3: 제품 | BS3: 0 | BV3: 김성수 | BW3: =VLOOKUP(BX3,거래처별담당자!$C:$E,3,0) -> 김화니 | BX3: =IFERROR(VLOOKUP(M3, 할인점점포등록!E:I, 5, 0), M3) -> 디엔메디
C4: TRUE | E4: 제약사업부 | F4: 202609010002 | G4: 2026-09-01 | H4: 내수 | I4: 판매출고 | J4: CSO팀 | K4: 김화니 | L4: 동원약품남부 | M4: 동원약품남부 | O4: 613-81-04723 | P4: 경남동원약품 | R4: FALSE | S4: PUSMT030B | T4: 울트라맥세미정 | U4: 30 | V4: 자사 | W4: 자사_내용고형제 | X4: 자사_정제 | Z4: EA | AA4: 3750 | AB4: 3375 | AC4: 20 | AD4: TRUE | AE4: 10 | AF4: KRW | AG4: 1 | AH4: 3375 | AI4: 61364 | AJ4: 6136 | AK4: 67500 | AL4: 61364 | AM4: 6136 | AN4: 67500 | AP4: EA | AQ4: 20 | AR4: PICO 출고창고 | AS4: 25001B | AT4: FALSE | AU4: 작성(미확정) | AW4: PICO | AY4: 세금계산서매출 | AZ4: FALSE | BE4: FALSE | BF4: FALSE | BI4: 0 | BJ4: 0 | BK4: 67500 | BP4: 제품 | BS4: 0 | BV4: 김미영 | BW4: =VLOOKUP(BX4,거래처별담당자!$C:$E,3,0) -> 김화니 | BX4: =IFERROR(VLOOKUP(M4, 할인점점포등록!E:I, 5, 0), M4) -> 동원약품남부
C5: TRUE | E5: 제약사업부 | F5: 202609010002 | G5: 2026-09-01 | H5: 내수 | I5: 판매출고 | J5: CSO팀 | K5: 김화니 | L5: 동원약품남부 | M5: 동원약품남부 | O5: 613-81-04723 | P5: 경남동원약품 | R5: FALSE | S5: OGKMT030B | T5: 징코맥정240밀리그램(은행엽건조엑스) | U5: 30 | V5: 위탁 | W5: 위탁_내용고형제 | X5: 위탁_정제 | Z5: EA | AA5: 21000 | AB5: 18900 | AC5: 20 | AD5: TRUE | AE5: 10 | AF5: KRW | AG5: 1 | AH5: 18900 | AI5: 343636 | AJ5: 34364 | AK5: 378000 | AL5: 343636 | AM5: 34364 | AN5: 378000 | AP5: EA | AQ5: 20 | AR5: PICO 출고창고 | AS5: 24001B | AT5: FALSE | AU5: 작성(미확정) | AW5: PICO | AY5: 세금계산서매출 | AZ5: FALSE | BE5: FALSE | BF5: FALSE | BI5: 0 | BJ5: 0 | BK5: 378000 | BP5: 제품 | BS5: 0 | BV5: 김미영 | BW5: =VLOOKUP(BX5,거래처별담당자!$C:$E,3,0) -> 김화니 | BX5: =IFERROR(VLOOKUP(M5, 할인점점포등록!E:I, 5, 0), M5) -> 동원약품남부
C6: TRUE | E6: 제약사업부 | F6: 202609010002 | G6: 2026-09-01 | H6: 내수 | I6: 판매출고 | J6: CSO팀 | K6: 김화니 | L6: 동원약품남부 | M6: 동원약품남부 | O6: 613-81-04723 | P6: 경남동원약품 | R6: FALSE | S6: OGKMT090B | T6: 징코맥정240밀리그램(은행엽건조엑스) | U6: 90 | V6: 위탁 | W6: 위탁_내용고형제 | X6: 위탁_정제 | Z6: EA | AA6: 63000 | AB6: 56700 | AC6: 10 | AD6: TRUE | AE6: 10 | AF6: KRW | AG6: 1 | AH6: 56700 | AI6: 515455 | AJ6: 51545 | AK6: 567000 | AL6: 515455 | AM6: 51545 | AN6: 567000 | AP6: EA | AQ6: 10 | AR6: PICO 출고창고 | AS6: 24001A | AT6: FALSE | AU6: 작성(미확정) | AW6: PICO | AY6: 세금계산서매출 | AZ6: FALSE | BE6: FALSE | BF6: FALSE | BI6: 0 | BJ6: 0 | BK6: 567000 | BP6: 제품 | BS6: 0 | BV6: 김미영 | BW6: =VLOOKUP(BX6,거래처별담당자!$C:$E,3,0) -> 김화니 | BX6: =IFERROR(VLOOKUP(M6, 할인점점포등록!E:I, 5, 0), M6) -> 동원약품남부
C7: TRUE | E7: 제약사업부 | F7: 202609010003 | G7: 2026-09-01 | H7: 내수 | I7: 판매출고 | J7: CSO팀 | K7: 김화니 | L7: 와이케이팜 | M7: 와이케이팜 | O7: 315-23-05342 | P7: 와이케이팜창고(힐링팜) | R7: FALSE | S7: ORBRT028P | T7: 라베라엠정10밀리그램(라베프라졸나트륨) | U7: 28 | V7: 위탁 | W7: 위탁_내용고형제 | X7: 위탁_정제 | Z7: EA | AA7: 12712 | AB7: 11440.8 | AC7: 560 | AD7: TRUE | AE7: 10 | AF7: KRW | AG7: 1 | AH7: 11440.8 | AI7: 5824407 | AJ7: 582441 | AK7: 6406848 | AL7: 5824407 | AM7: 582441 | AN7: 6406848 | AP7: EA | AQ7: 560 | AR7: PICO 출고창고 | AS7: 26001 | AT7: FALSE | AU7: 작성(미확정) | AW7: PICO | AY7: 세금계산서매출 | AZ7: FALSE | BE7: FALSE | BF7: FALSE | BI7: 0 | BJ7: 0 | BK7: 6406848 | BP7: 제품 | BS7: 0 | BV7: 8번도크_노천명님(서브원) | BW7: =VLOOKUP(BX7,거래처별담당자!$C:$E,3,0) -> 김화니 | BX7: =IFERROR(VLOOKUP(M7, 할인점점포등록!E:I, 5, 0), M7) -> 와이케이팜
C8: TRUE | E8: 제약사업부 | F8: 202609010004 | G8: 2026-09-01 | H8: 내수 | I8: 판매출고 | J8: CSO팀 | K8: 김화니 | L8: 우주약품 | M8: 우주약품 | O8: 253-12-02997 | P8: 우주약품 | R8: FALSE | S8: PMCCT300B | T8: 맥씨정(레보세티리진염산염) | U8: 300 | V8: 자사 | W8: 자사_내용고형제 | X8: 자사_정제 | Z8: EA | AA8: 61500 | AB8: 55350 | AC8: 30 | AD8: TRUE | AE8: 10 | AF8: KRW | AG8: 1 | AH8: 55350 | AI8: 1509545 | AJ8: 150955 | AK8: 1660500 | AL8: 1509545 | AM8: 150955 | AN8: 1660500 | AP8: EA | AQ8: 30 | AR8: PICO 출고창고 | AS8: 24011 | AT8: FALSE | AU8: 작성(미확정) | AW8: PICO | AY8: 세금계산서매출 | AZ8: FALSE | BE8: FALSE | BF8: FALSE | BI8: 0 | BJ8: 0 | BK8: 1660500 | BP8: 제품 | BS8: 0 | BV8: 장정희 | BW8: =VLOOKUP(BX8,거래처별담당자!$C:$E,3,0) -> 김화니 | BX8: =IFERROR(VLOOKUP(M8, 할인점점포등록!E:I, 5, 0), M8) -> 우주약품
C9: TRUE | E9: 제약사업부 | F9: 202609010005 | G9: 2026-09-01 | H9: 내수 | I9: 판매출고 | J9: CSO팀 | K9: 김화니 | L9: 백제약품전주지점 | M9: 백제약품전주지점 | O9: 402-85-15138 | P9: 백제약품전주지점 | R9: FALSE | S9: ODOMT030P | T9: 듀오엠정40/5밀리그램 | U9: 30 | V9: 위탁 | W9: 위탁_내용고형제 | X9: 위탁_정제 | Z9: EA | AA9: 18000 | AB9: 16200 | AC9: 20 | AD9: TRUE | AE9: 10 | AF9: KRW | AG9: 1 | AH9: 16200 | AI9: 294545 | AJ9: 29455 | AK9: 324000 | AL9: 294545 | AM9: 29455 | AN9: 324000 | AP9: EA | AQ9: 20 | AR9: PICO 출고창고 | AS9: 26001 | AT9: FALSE | AU9: 작성(미확정) | AW9: PICO | AY9: 세금계산서매출 | AZ9: FALSE | BE9: FALSE | BF9: FALSE | BI9: 0 | BJ9: 0 | BK9: 324000 | BP9: 제품 | BS9: 0 | BV9: 장정희 | BW9: =VLOOKUP(BX9,거래처별담당자!$C:$E,3,0) -> 김화니 | BX9: =IFERROR(VLOOKUP(M9, 할인점점포등록!E:I, 5, 0), M9) -> 백제약품전주지점
C10: TRUE | E10: 제약사업부 | F10: 202609010005 | G10: 2026-09-01 | H10: 내수 | I10: 판매출고 | J10: CSO팀 | K10: 김화니 | L10: 백제약품전주지점 | M10: 백제약품전주지점 | O10: 402-85-15138 | P10: 백제약품전주지점 | R10: FALSE | S10: OACLL001B | T10: 아클라온듀오시럽(아목시실린-클라불란산칼륨(7:1)) | U10: 1 | V10: 위탁 | W10: 위탁_내용고형제 | X10: 위탁_건조시럽 | Z10: EA | AA10: 3450 | AB10: 3105 | AC10: 200 | AD10: TRUE | AE10: 10 | AF10: KRW | AG10: 1 | AH10: 3105 | AI10: 564545 | AJ10: 56455 | AK10: 621000 | AL10: 564545 | AM10: 56455 | AN10: 621000 | AP10: EA | AQ10: 200 | AR10: PICO 출고창고 | AS10: 25001 | AT10: FALSE | AU10: 작성(미확정) | AW10: PICO | AY10: 세금계산서매출 | AZ10: FALSE | BE10: FALSE | BF10: FALSE | BI10: 0 | BJ10: 0 | BK10: 621000 | BP10: 제품 | BS10: 0 | BV10: 장정희 | BW10: =VLOOKUP(BX10,거래처별담당자!$C:$E,3,0) -> 김화니 | BX10: =IFERROR(VLOOKUP(M10, 할인점점포등록!E:I, 5, 0), M10) -> 백제약품전주지점
C11: TRUE | E11: 제약사업부 | F11: 202609010005 | G11: 2026-09-01 | H11: 내수 | I11: 판매출고 | J11: CSO팀 | K11: 김화니 | L11: 백제약품전주지점 | M11: 백제약품전주지점 | O11: 402-85-15138 | P11: 백제약품전주지점 | R11: FALSE | S11: PMDNL050S | T11: 엠로딘액(L-카르니틴) 5mL | U11: 10 | V11: 자사 | W11: 자사_내용액제 | X11: 자사_액제 | Z11: EA | AA11: 6780 | AB11: 6102 | AC11: 60 | AD11: TRUE | AE11: 10 | AF11: KRW | AG11: 1 | AH11: 6102 | AI11: 332836 | AJ11: 33284 | AK11: 366120 | AL11: 332836 | AM11: 33284 | AN11: 366120 | AP11: EA | AQ11: 60 | AR11: PICO 출고창고 | AS11: 25005 | AT11: FALSE | AU11: 작성(미확정) | AW11: PICO | AY11: 세금계산서매출 | AZ11: FALSE | BE11: FALSE | BF11: FALSE | BI11: 0 | BJ11: 0 | BK11: 366120 | BP11: 제품 | BS11: 0 | BV11: 우종필 TL | BW11: =VLOOKUP(BX11,거래처별담당자!$C:$E,3,0) -> 김화니 | BX11: =IFERROR(VLOOKUP(M11, 할인점점포등록!E:I, 5, 0), M11) -> 백제약품전주지점
C12: TRUE | E12: 제약사업부 | F12: 202609010005 | G12: 2026-09-01 | H12: 내수 | I12: 판매출고 | J12: CSO팀 | K12: 김화니 | L12: 백제약품전주지점 | M12: 백제약품전주지점 | O12: 402-85-15138 | P12: 백제약품전주지점 | R12: FALSE | S12: OTRTT500B | T12: 트리탄정150밀리그램(트리메부틴말레산염) | U12: 500 | V12: 위탁 | W12: 위탁_내용고형제 | X12: 위탁_정제 | Z12: EA | AA12: 51500 | AB12: 46350 | AC12: 3 | AD12: TRUE | AE12: 10 | AF12: KRW | AG12: 1 | AH12: 46350 | AI12: 126409 | AJ12: 12641 | AK12: 139050 | AL12: 126409 | AM12: 12641 | AN12: 139050 | AP12: EA | AQ12: 3 | AR12: PICO 출고창고 | AS12: 25004A | AT12: FALSE | AU12: 작성(미확정) | AW12: PICO | AY12: 세금계산서매출 | AZ12: FALSE | BE12: FALSE | BF12: FALSE | BI12: 0 | BJ12: 0 | BK12: 139050 | BP12: 제품 | BS12: 0 | BV12: 우종필 TL | BW12: =VLOOKUP(BX12,거래처별담당자!$C:$E,3,0) -> 김화니 | BX12: =IFERROR(VLOOKUP(M12, 할인점점포등록!E:I, 5, 0), M12) -> 백제약품전주지점
C13: TRUE | E13: 제약사업부 | F13: 202609010006 | G13: 2026-09-01 | H13: 내수 | I13: 판매출고 | J13: CSO팀 | K13: 김화니 | L13: 예일선 | M13: 예일선 | O13: 572-81-01750 | P13: 예일선 | R13: FALSE | S13: ONXOT028P | T13: 넥시온정20밀리그램(에스오메프라졸마그네슘이수화물) | U13: 28 | V13: 위탁 | W13: 위탁_내용고형제 | X13: 위탁_정제 | Z13: EA | AA13: 18172 | AB13: 16354.8 | AC13: 50 | AD13: TRUE | AE13: 10 | AF13: KRW | AG13: 1 | AH13: 16354.8 | AI13: 743400 | AJ13: 74340 | AK13: 817740 | AL13: 743400 | AM13: 74340 | AN13: 817740 | AP13: EA | AQ13: 50 | AR13: PICO 출고창고 | AS13: 25003 | AT13: FALSE | AU13: 작성(미확정) | AW13: PICO | AY13: 세금계산서매출 | AZ13: FALSE | BE13: FALSE | BF13: FALSE | BI13: 0 | BJ13: 0 | BK13: 817740 | BP13: 제품 | BS13: 0 | BV13: 우종필 TL | BW13: =VLOOKUP(BX13,거래처별담당자!$C:$E,3,0) -> 김화니 | BX13: =IFERROR(VLOOKUP(M13, 할인점점포등록!E:I, 5, 0), M13) -> 예일선
... C41: TRUE | E41: 제약사업부 | F41: 202609010013 | G41: 2026-09-01 | H41: 내수 | I41: 판매출고 | J41: CSO팀 | K41: 김화니 | L41: 제이씨헬스케어 | M41: 제이씨헬스케어 | O41: 140-81-11352 | P41: 제이씨헬스케어(전주창고) | R41: FALSE | S41: PMBZT021P | T41: 맥세렌비제트정 | U41: 21 | V41: 자사 | W41: 자사_내용고형제 | X41: 자사_정제 | Z41: EA | AA41: 33600 | AB41: 30240 | AC41: 60 | AD41: TRUE | AE41: 10 | AF41: KRW | AG41: 1 | AH41: 30240 | AI41: 1649455 | AJ41: 164945 | AK41: 1814400 | AL41: 1649455 | AM41: 164945 | AN41: 1814400 | AP41: EA | AQ41: 60 | AR41: PICO 출고창고 | AS41: 25002 | AT41: FALSE | AU41: 작성(미확정) | AW41: PICO | AY41: 세금계산서매출 | AZ41: FALSE | BE41: FALSE | BF41: FALSE | BI41: 0 | BJ41: 0 | BK41: 1814400 | BP41: 제품 | BS41: 0 | BV41: 서미혜 매니저 | BW41: =VLOOKUP(BX41,거래처별담당자!$C:$E,3,0) -> 김화니 | BX41: =IFERROR(VLOOKUP(M41, 할인점점포등록!E:I, 5, 0), M41) -> 제이씨헬스케어
C42: TRUE | E42: 제약사업부 | F42: 202609010014 | G42: 2026-09-01 | H42: 내수 | I42: 판매출고 | J42: CSO팀 | K42: 김화니 | L42: 대경엘씨에스디 | M42: 대경엘씨에스디 | O42: 123-86-20190 | P42: 대경엘씨에스디 | R42: FALSE | S42: CGBTC100B | T42: 가바투캡슐100밀리그램(가바펜틴) | U42: 100 | V42: 상품 | W42: 상품_내용고형제 | X42: 상품_경질캡슐 | Z42: EA | AA42: 16800 | AB42: 15120 | AC42: 20 | AD42: TRUE | AE42: 10 | AF42: KRW | AG42: 1 | AH42: 15120 | AI42: 274909 | AJ42: 27491 | AK42: 302400 | AL42: 274909 | AM42: 27491 | AN42: 302400 | AP42: EA | AQ42: 20 | AR42: PICO 출고창고 | AS42: 24001 | AT42: FALSE | AU42: 작성(미확정) | AW42: PICO | AY42: 세금계산서매출 | AZ42: FALSE | BE42: FALSE | BF42: FALSE | BI42: 0 | BJ42: 0 | BK42: 302400 | BP42: 상품 | BS42: 0 | BW42: =VLOOKUP(BX42,거래처별담당자!$C:$E,3,0) -> 김화니 | BX42: =IFERROR(VLOOKUP(M42, 할인점점포등록!E:I, 5, 0), M42) -> 대경엘씨에스디
C43: TRUE | E43: 제약사업부 | F43: 202609010014 | G43: 2026-09-01 | H43: 내수 | I43: 판매출고 | J43: CSO팀 | K43: 김화니 | L43: 대경엘씨에스디 | M43: 대경엘씨에스디 | O43: 123-86-20190 | P43: 대경엘씨에스디 | R43: FALSE | S43: CGBTC030B | T43: 가바투캡슐100밀리그램(가바펜틴) | U43: 30 | V43: 상품 | W43: 상품_내용고형제 | X43: 상품_경질캡슐 | Z43: EA | AA43: 5040 | AB43: 4536 | AC43: 10 | AD43: TRUE | AE43: 10 | AF43: KRW | AG43: 1 | AH43: 4536 | AI43: 41236 | AJ43: 4124 | AK43: 45360 | AL43: 41236 | AM43: 4124 | AN43: 45360 | AP43: EA | AQ43: 10 | AR43: PICO 출고창고 | AS43: 24001 | AT43: FALSE | AU43: 작성(미확정) | AW43: PICO | AY43: 세금계산서매출 | AZ43: FALSE | BE43: FALSE | BF43: FALSE | BI43: 0 | BJ43: 0 | BK43: 45360 | BP43: 상품 | BS43: 0 | BW43: =VLOOKUP(BX43,거래처별담당자!$C:$E,3,0) -> 김화니 | BX43: =IFERROR(VLOOKUP(M43, 할인점점포등록!E:I, 5, 0), M43) -> 대경엘씨에스디
C44: TRUE | E44: 제약사업부 | F44: 202609010014 | G44: 2026-09-01 | H44: 내수 | I44: 판매출고 | J44: CSO팀 | K44: 김화니 | L44: 대경엘씨에스디 | M44: 대경엘씨에스디 | O44: 123-86-20190 | P44: 대경엘씨에스디 | R44: FALSE | S44: CGABC100B | T44: 가바투캡슐300밀리그램(가바펜틴) | U44: 100 | V44: 상품 | W44: 상품_내용고형제 | X44: 상품_경질캡슐 | Z44: EA | AA44: 34600 | AB44: 31140 | AC44: 20 | AD44: TRUE | AE44: 10 | AF44: KRW | AG44: 1 | AH44: 31140 | AI44: 566182 | AJ44: 56618 | AK44: 622800 | AL44: 566182 | AM44: 56618 | AN44: 622800 | AP44: EA | AQ44: 20 | AR44: PICO 출고창고 | AS44: 24001 | AT44: FALSE | AU44: 작성(미확정) | AW44: PICO | AY44: 세금계산서매출 | AZ44: FALSE | BE44: FALSE | BF44: FALSE | BI44: 0 | BJ44: 0 | BK44: 622800 | BP44: 상품 | BS44: 0 | BW44: =VLOOKUP(BX44,거래처별담당자!$C:$E,3,0) -> 김화니 | BX44: =IFERROR(VLOOKUP(M44, 할인점점포등록!E:I, 5, 0), M44) -> 대경엘씨에스디
C45: TRUE | E45: 제약사업부 | F45: 202609010014 | G45: 2026-09-01 | H45: 내수 | I45: 판매출고 | J45: CSO팀 | K45: 김화니 | L45: 대경엘씨에스디 | M45: 대경엘씨에스디 | O45: 123-86-20190 | P45: 대경엘씨에스디 | R45: FALSE | S45: ODPOT030B | T45: 도네페온정5밀리그램(도네페질염산염수화물) | U45: 30 | V45: 위탁 | W45: 위탁_내용고형제 | X45: 위탁_정제 | Z45: EA | AA45: 52530 | AB45: 47277 | AC45: 40 | AD45: TRUE | AE45: 10 | AF45: KRW | AG45: 1 | AH45: 47277 | AI45: 1719164 | AJ45: 171916 | AK45: 1891080 | AL45: 1719164 | AM45: 171916 | AN45: 1891080 | AP45: EA | AQ45: 40 | AR45: PICO 출고창고 | AS45: 25004B | AT45: FALSE | AU45: 작성(미확정) | AW45: PICO | AY45: 세금계산서매출 | AZ45: FALSE | BE45: FALSE | BF45: FALSE | BI45: 0 | BJ45: 0 | BK45: 1891080 | BP45: 제품 | BS45: 0 | BW45: =VLOOKUP(BX45,거래처별담당자!$C:$E,3,0) -> 김화니 | BX45: =IFERROR(VLOOKUP(M45, 할인점점포등록!E:I, 5, 0), M45) -> 대경엘씨에스디
C46: TRUE | E46: 제약사업부 | F46: 202609010014 | G46: 2026-09-01 | H46: 내수 | I46: 판매출고 | J46: CSO팀 | K46: 김화니 | L46: 대경엘씨에스디 | M46: 대경엘씨에스디 | O46: 123-86-20190 | P46: 대경엘씨에스디 | R46: FALSE | S46: ODOMT030P | T46: 듀오엠정40/5밀리그램 | U46: 30 | V46: 위탁 | W46: 위탁_내용고형제 | X46: 위탁_정제 | Z46: EA | AA46: 18000 | AB46: 16200 | AC46: 20 | AD46: TRUE | AE46: 10 | AF46: KRW | AG46: 1 | AH46: 16200 | AI46: 294545 | AJ46: 29455 | AK46: 324000 | AL46: 294545 | AM46: 29455 | AN46: 324000 | AP46: EA | AQ46: 20 | AR46: PICO 출고창고 | AS46: 26001 | AT46: FALSE | AU46: 작성(미확정) | AW46: PICO | AY46: 세금계산서매출 | AZ46: FALSE | BE46: FALSE | BF46: FALSE | BI46: 0 | BJ46: 0 | BK46: 324000 | BP46: 제품 | BS46: 0 | BW46: =VLOOKUP(BX46,거래처별담당자!$C:$E,3,0) -> 김화니 | BX46: =IFERROR(VLOOKUP(M46, 할인점점포등록!E:I, 5, 0), M46) -> 대경엘씨에스디
C47: TRUE | E47: 제약사업부 | F47: 202609010014 | G47: 2026-09-01 | H47: 내수 | I47: 판매출고 | J47: CSO팀 | K47: 김화니 | L47: 대경엘씨에스디 | M47: 대경엘씨에스디 | O47: 123-86-20190 | P47: 대경엘씨에스디 | R47: FALSE | S47: OMSPT600B | T47: 모사프리온정(모사프리드시트르산염수화물) | U47: 600 | V47: 위탁 | W47: 위탁_내용고형제 | X47: 위탁_정제 | Z47: EA | AA47: 52800 | AB47: 47520 | AC47: 30 | AD47: TRUE | AE47: 10 | AF47: KRW | AG47: 1 | AH47: 47520 | AI47: 1296000 | AJ47: 129600 | AK47: 1425600 | AL47: 1296000 | AM47: 129600 | AN47: 1425600 | AP47: EA | AQ47: 30 | AR47: PICO 출고창고 | AS47: 25001A | AT47: FALSE | AU47: 작성(미확정) | AW47: PICO | AY47: 세금계산서매출 | AZ47: FALSE | BE47: FALSE | BF47: FALSE | BI47: 0 | BJ47: 0 | BK47: 1425600 | BP47: 제품 | BS47: 0 | BW47: =VLOOKUP(BX47,거래처별담당자!$C:$E,3,0) -> 김화니 | BX47: =IFERROR(VLOOKUP(M47, 할인점점포등록!E:I, 5, 0), M47) -> 대경엘씨에스디
C48: TRUE | E48: 제약사업부 | F48: 202609010014 | G48: 2026-09-01 | H48: 내수 | I48: 판매출고 | J48: CSO팀 | K48: 김화니 | L48: 대경엘씨에스디 | M48: 대경엘씨에스디 | O48: 123-86-20190 | P48: 대경엘씨에스디 | R48: FALSE | S48: PUSMT300B | T48: 울트라맥세미정 | U48: 300 | V48: 자사 | W48: 자사_내용고형제 | X48: 자사_정제 | Z48: EA | AA48: 37500 | AB48: 33750 | AC48: 10 | AD48: TRUE | AE48: 10 | AF48: KRW | AG48: 1 | AH48: 33750 | AI48: 306818 | AJ48: 30682 | AK48: 337500 | AL48: 306818 | AM48: 30682 | AN48: 337500 | AP48: EA | AQ48: 10 | AR48: PICO 출고창고 | AS48: 26003 | AT48: FALSE | AU48: 작성(미확정) | AW48: PICO | AY48: 세금계산서매출 | AZ48: FALSE | BE48: FALSE | BF48: FALSE | BI48: 0 | BJ48: 0 | BK48: 337500 | BP48: 제품 | BS48: 0 | BW48: =VLOOKUP(BX48,거래처별담당자!$C:$E,3,0) -> 김화니 | BX48: =IFERROR(VLOOKUP(M48, 할인점점포등록!E:I, 5, 0), M48) -> 대경엘씨에스디
C49: TRUE | E49: 제약사업부 | F49: 202609010014 | G49: 2026-09-01 | H49: 내수 | I49: 판매출고 | J49: CSO팀 | K49: 김화니 | L49: 대경엘씨에스디 | M49: 대경엘씨에스디 | O49: 123-86-20190 | P49: 대경엘씨에스디 | R49: FALSE | S49: PUTMT300B | T49: 울트라맥정 | U49: 300 | V49: 자사 | W49: 자사_내용고형제 | X49: 자사_정제 | Z49: EA | AA49: 56100 | AB49: 50490 | AC49: 10 | AD49: TRUE | AE49: 10 | AF49: KRW | AG49: 1 | AH49: 50490 | AI49: 459000 | AJ49: 45900 | AK49: 504900 | AL49: 459000 | AM49: 45900 | AN49: 504900 | AP49: EA | AQ49: 10 | AR49: PICO 출고창고 | AS49: 26002 | AT49: FALSE | AU49: 작성(미확정) | AW49: PICO | AY49: 세금계산서매출 | AZ49: FALSE | BE49: FALSE | BF49: FALSE | BI49: 0 | BJ49: 0 | BK49: 504900 | BP49: 제품 | BS49: 0 | BW49: =VLOOKUP(BX49,거래처별담당자!$C:$E,3,0) -> 김화니 | BX49: =IFERROR(VLOOKUP(M49, 할인점점포등록!E:I, 5, 0), M49) -> 대경엘씨에스디
C50: TRUE | E50: 제약사업부 | F50: 202609010014 | G50: 2026-09-01 | H50: 내수 | I50: 판매출고 | J50: CSO팀 | K50: 김화니 | L50: 대경엘씨에스디 | M50: 대경엘씨에스디 | O50: 123-86-20190 | P50: 대경엘씨에스디 | R50: FALSE | S50: OKPLC300B | T50: 케플라캡슐250밀리그램(세파클러수화물) | U50: 300 | V50: 위탁 | W50: 위탁_내용고형제 | X50: 위탁_경질캡슐 | Z50: EA | AA50: 111600 | AB50: 100440 | AC50: 2 | AD50: TRUE | AE50: 10 | AF50: KRW | AG50: 1 | AH50: 100440 | AI50: 182618 | AJ50: 18262 | AK50: 200880 | AL50: 182618 | AM50: 18262 | AN50: 200880 | AP50: EA | AQ50: 2 | AR50: PICO 출고창고 | AS50: 25002 | AT50: FALSE | AU50: 작성(미확정) | AW50: PICO | AY50: 세금계산서매출 | AZ50: FALSE | BE50: FALSE | BF50: FALSE | BI50: 0 | BJ50: 0 | BK50: 200880 | BP50: 제품 | BS50: 0 | BW50: =VLOOKUP(BX50,거래처별담당자!$C:$E,3,0) -> 김화니 | BX50: =IFERROR(VLOOKUP(M50, 할인점점포등록!E:I, 5, 0), M50) -> 대경엘씨에스디
C51: TRUE | E51: 제약사업부 | F51: 202609010014 | G51: 2026-09-01 | H51: 내수 | I51: 판매출고 | J51: CSO팀 | K51: 김화니 | L51: 대경엘씨에스디 | M51: 대경엘씨에스디 | O51: 123-86-20190 | P51: 대경엘씨에스디 | R51: FALSE | S51: OKPLC300B | T51: 케플라캡슐250밀리그램(세파클러수화물) | U51: 300 | V51: 위탁 | W51: 위탁_내용고형제 | X51: 위탁_경질캡슐 | Z51: EA | AA51: 111600 | AB51: 100440 | AC51: 3 | AD51: TRUE | AE51: 10 | AF51: KRW | AG51: 1 | AH51: 100440 | AI51: 273927 | AJ51: 27393 | AK51: 301320 | AL51: 273927 | AM51: 27393 | AN51: 301320 | AP51: EA | AQ51: 3 | AR51: PICO 출고창고 | AS51: 25003 | AT51: FALSE | AU51: 작성(미확정) | AW51: PICO | AY51: 세금계산서매출 | AZ51: FALSE | BE51: FALSE | BF51: FALSE | BI51: 0 | BJ51: 0 | BK51: 301320 | BP51: 제품 | BS51: 0 | BW51: =VLOOKUP(BX51,거래처별담당자!$C:$E,3,0) -> 김화니 | BX51: =IFERROR(VLOOKUP(M51, 할인점점포등록!E:I, 5, 0), M51) -> 대경엘씨에스디
C52: TRUE | E52: 제약사업부 | F52: 202609010015 | G52: 2026-09-01 | H52: 내수 | I52: 판매출고 | J52: CSO팀 | K52: 김화니 | L52: 지오영 | M52: 지오영 | O52: 109-81-78726 | P52: 강북물류(광진구) | R52: FALSE | S52: PSINL300B | T52: 신비아시럽(아세트아미노펜) 300mL | U52: 1 | V52: 자사 | W52: 자사_내용액제 | X52: 자사_시럽제 | Z52: EA | AA52: 8400 | AB52: 7560 | AC52: 30 | AD52: TRUE | AE52: 10 | AF52: KRW | AG52: 1 | AH52: 7560 | AI52: 206182 | AJ52: 20618 | AK52: 226800 | AL52: 206182 | AM52: 20618 | AN52: 226800 | AP52: EA | AQ52: 30 | AR52: PICO 출고창고 | AS52: 25003 | AT52: FALSE | AU52: 작성(미확정) | AW52: PICO | AY52: 세금계산서매출 | AZ52: FALSE | BE52: FALSE | BF52: FALSE | BI52: 0 | BJ52: 0 | BK52: 226800 | BP52: 제품 | BS52: 0 | BU52: 이진우 | BW52: =VLOOKUP(BX52,거래처별담당자!$C:$E,3,0) -> 김화니 | BX52: =IFERROR(VLOOKUP(M52, 할인점점포등록!E:I, 5, 0), M52) -> 지오영
C53: TRUE | E53: 제약사업부 | F53: 202609010015 | G53: 2026-09-01 | H53: 내수 | I53: 판매출고 | J53: CSO팀 | K53: 김화니 | L53: 지오영 | M53: 지오영 | O53: 109-81-78726 | P53: 강북물류(광진구) | R53: FALSE | S53: OEDST030B | T53: 엘도에스정(에르도스테인) | U53: 30 | V53: 위탁 | W53: 위탁_내용고형제 | X53: 위탁_정제 | Z53: EA | AA53: 5880 | AB53: 5292 | AC53: 5 | AD53: TRUE | AE53: 10 | AF53: KRW | AG53: 1 | AH53: 5292 | AI53: 24055 | AJ53: 2405 | AK53: 26460 | AL53: 24055 | AM53: 2405 | AN53: 26460 | AP53: EA | AQ53: 5 | AR53: PICO 출고창고 | AS53: 24001B | AT53: FALSE | AU53: 작성(미확정) | AW53: PICO | AY53: 세금계산서매출 | AZ53: FALSE | BE53: FALSE | BF53: FALSE | BI53: 0 | BJ53: 0 | BK53: 26460 | BP53: 제품 | BS53: 0 | BU53: 이진우 | BW53: =VLOOKUP(BX53,거래처별담당자!$C:$E,3,0) -> 김화니 | BX53: =IFERROR(VLOOKUP(M53, 할인점점포등록!E:I, 5, 0), M53) -> 지오영
C54: TRUE | E54: 제약사업부 | F54: 202609010015 | G54: 2026-09-01 | H54: 내수 | I54: 판매출고 | J54: CSO팀 | K54: 김화니 | L54: 지오영 | M54: 지오영 | O54: 109-81-78726 | P54: 강북물류(광진구) | R54: FALSE | S54: OTRSC100B | T54: 트란사민캡슐250밀리그램(트라넥삼산) | U54: 100 | V54: 위탁 | W54: 위탁_내용고형제 | X54: 위탁_경질캡슐 | Z54: EA | AA54: 33000 | AB54: 29700 | AC54: 40 | AD54: TRUE | AE54: 10 | AF54: KRW | AG54: 1 | AH54: 29700 | AI54: 1080000 | AJ54: 108000 | AK54: 1188000 | AL54: 1080000 | AM54: 108000 | AN54: 1188000 | AP54: EA | AQ54: 40 | AR54: PICO 출고창고 | AS54: 26002A | AT54: FALSE | AU54: 작성(미확정) | AW54: PICO | AY54: 세금계산서매출 | AZ54: FALSE | BE54: FALSE | BF54: FALSE | BI54: 0 | BJ54: 0 | BK54: 1188000 | BP54: 제품 | BS54: 0 | BU54: 이진우 | BW54: =VLOOKUP(BX54,거래처별담당자!$C:$E,3,0) -> 김화니 | BX54: =IFERROR(VLOOKUP(M54, 할인점점포등록!E:I, 5, 0), M54) -> 지오영
C55: TRUE | E55: 제약사업부 | F55: 202609010016 | G55: 2026-09-01 | H55: 내수 | I55: 판매출고 | J55: CSO팀 | K55: 김화니 | L55: 지오영 | M55: 지오영 | O55: 109-81-78726 | P55: NEW신강남센터 | R55: FALSE | S55: PDNPT100B | T55: 도네페온정10밀리그램(도네페질염산염수화물) | U55: 100 | V55: 자사 | W55: 자사_내용고형제 | X55: 자사_정제 | Z55: EA | AA55: 209100 | AB55: 188190 | AC55: 10 | AD55: TRUE | AE55: 10 | AF55: KRW | AG55: 1 | AH55: 188190 | AI55: 1710818 | AJ55: 171082 | AK55: 1881900 | AL55: 1710818 | AM55: 171082 | AN55: 1881900 | AP55: EA | AQ55: 10 | AR55: PICO 출고창고 | AS55: 24005 | AT55: FALSE | AU55: 작성(미확정) | AW55: PICO | AY55: 세금계산서매출 | AZ55: FALSE | BE55: FALSE | BF55: FALSE | BI55: 0 | BJ55: 0 | BK55: 1881900 | BP55: 제품 | BS55: 0 | BU55: 손경진 | BW55: =VLOOKUP(BX55,거래처별담당자!$C:$E,3,0) -> 김화니 | BX55: =IFERROR(VLOOKUP(M55, 할인점점포등록!E:I, 5, 0), M55) -> 지오영
C56: TRUE | E56: 제약사업부 | F56: 202609010016 | G56: 2026-09-01 | H56: 내수 | I56: 판매출고 | J56: CSO팀 | K56: 김화니 | L56: 지오영 | M56: 지오영 | O56: 109-81-78726 | P56: NEW신강남센터 | R56: FALSE | S56: PDPOT100B | T56: 도네페온정5밀리그램(도네페질염산염수화물) | U56: 100 | V56: 자사 | W56: 자사_내용고형제 | X56: 자사_정제 | Z56: EA | AA56: 175100 | AB56: 157590 | AC56: 10 | AD56: TRUE | AE56: 10 | AF56: KRW | AG56: 1 | AH56: 157590 | AI56: 1432636 | AJ56: 143264 | AK56: 1575900 | AL56: 1432636 | AM56: 143264 | AN56: 1575900 | AP56: EA | AQ56: 10 | AR56: PICO 출고창고 | AS56: 24005A | AT56: FALSE | AU56: 작성(미확정) | AW56: PICO | AY56: 세금계산서매출 | AZ56: FALSE | BE56: FALSE | BF56: FALSE | BI56: 0 | BJ56: 0 | BK56: 1575900 | BP56: 제품 | BS56: 0 | BU56: 손경진 | BW56: =VLOOKUP(BX56,거래처별담당자!$C:$E,3,0) -> 김화니 | BX56: =IFERROR(VLOOKUP(M56, 할인점점포등록!E:I, 5, 0), M56) -> 지오영
C57: TRUE | E57: 제약사업부 | F57: 202609010016 | G57: 2026-09-01 | H57: 내수 | I57: 판매출고 | J57: CSO팀 | K57: 김화니 | L57: 지오영 | M57: 지오영 | O57: 109-81-78726 | P57: NEW신강남센터 | R57: FALSE | S57: ODOMT030P | T57: 듀오엠정40/5밀리그램 | U57: 30 | V57: 위탁 | W57: 위탁_내용고형제 | X57: 위탁_정제 | Z57: EA | AA57: 18000 | AB57: 16200 | AC57: 30 | AD57: TRUE | AE57: 10 | AF57: KRW | AG57: 1 | AH57: 16200 | AI57: 441818 | AJ57: 44182 | AK57: 486000 | AL57: 441818 | AM57: 44182 | AN57: 486000 | AP57: EA | AQ57: 30 | AR57: PICO 출고창고 | AS57: 26001 | AT57: FALSE | AU57: 작성(미확정) | AW57: PICO | AY57: 세금계산서매출 | AZ57: FALSE | BE57: FALSE | BF57: FALSE | BI57: 0 | BJ57: 0 | BK57: 486000 | BP57: 제품 | BS57: 0 | BU57: 손경진 | BW57: =VLOOKUP(BX57,거래처별담당자!$C:$E,3,0) -> 김화니 | BX57: =IFERROR(VLOOKUP(M57, 할인점점포등록!E:I, 5, 0), M57) -> 지오영
C58: TRUE | E58: 제약사업부 | F58: 202609010016 | G58: 2026-09-01 | H58: 내수 | I58: 판매출고 | J58: CSO팀 | K58: 김화니 | L58: 지오영 | M58: 지오영 | O58: 109-81-78726 | P58: NEW신강남센터 | R58: FALSE | S58: PMSET090B | T58: 맥셀디정 | U58: 90 | V58: 자사 | W58: 자사_내용고형제 | X58: 자사_정제 | Z58: EA | AA58: 45000 | AB58: 40500 | AC58: 3 | AD58: TRUE | AE58: 10 | AF58: KRW | AG58: 1 | AH58: 40500 | AI58: 110455 | AJ58: 11045 | AK58: 121500 | AL58: 110455 | AM58: 11045 | AN58: 121500 | AP58: EA | AQ58: 3 | AR58: PICO 출고창고 | AS58: 24004 | AT58: FALSE | AU58: 작성(미확정) | AW58: PICO | AY58: 세금계산서매출 | AZ58: FALSE | BE58: FALSE | BF58: FALSE | BI58: 0 | BJ58: 0 | BK58: 121500 | BP58: 제품 | BS58: 0 | BU58: 손경진 | BW58: =VLOOKUP(BX58,거래처별담당자!$C:$E,3,0) -> 김화니 | BX58: =IFERROR(VLOOKUP(M58, 할인점점포등록!E:I, 5, 0), M58) -> 지오영
C59: TRUE | E59: 제약사업부 | F59: 202609010016 | G59: 2026-09-01 | H59: 내수 | I59: 판매출고 | J59: CSO팀 | K59: 김화니 | L59: 지오영 | M59: 지오영 | O59: 109-81-78726 | P59: NEW신강남센터 | R59: FALSE | S59: PBLMT030B | T59: 베리맥정10밀리그램(베포타스틴베실산염) | U59: 30 | V59: 자사 | W59: 자사_내용고형제 | X59: 자사_정제 | Z59: EA | AA59: 4440 | AB59: 3996 | AC59: 10 | AD59: TRUE | AE59: 10 | AF59: KRW | AG59: 1 | AH59: 3996 | AI59: 36327 | AJ59: 3633 | AK59: 39960 | AL59: 36327 | AM59: 3633 | AN59: 39960 | AP59: EA | AQ59: 10 | AR59: PICO 출고창고 | AS59: 25011B | AT59: FALSE | AU59: 작성(미확정) | AW59: PICO | AY59: 세금계산서매출 | AZ59: FALSE | BE59: FALSE | BF59: FALSE | BI59: 0 | BJ59: 0 | BK59: 39960 | BP59: 제품 | BS59: 0 | BU59: 손경진 | BW59: =VLOOKUP(BX59,거래처별담당자!$C:$E,3,0) -> 김화니 | BX59: =IFERROR(VLOOKUP(M59, 할인점점포등록!E:I, 5, 0), M59) -> 지오영
C60: TRUE | E60: 제약사업부 | F60: 202609010016 | G60: 2026-09-01 | H60: 내수 | I60: 판매출고 | J60: CSO팀 | K60: 김화니 | L60: 지오영 | M60: 지오영 | O60: 109-81-78726 | P60: NEW신강남센터 | R60: FALSE | S60: OACLL001B | T60: 아클라온듀오시럽(아목시실린-클라불란산칼륨(7:1)) | U60: 1 | V60: 위탁 | W60: 위탁_내용고형제 | X60: 위탁_건조시럽 | Z60: EA | AA60: 3450 | AB60: 3105 | AC60: 40 | AD60: TRUE | AE60: 10 | AF60: KRW | AG60: 1 | AH60: 3105 | AI60: 112909 | AJ60: 11291 | AK60: 124200 | AL60: 112909 | AM60: 11291 | AN60: 124200 | AP60: EA | AQ60: 40 | AR60: PICO 출고창고 | AS60: 25001 | AT60: FALSE | AU60: 작성(미확정) | AW60: PICO | AY60: 세금계산서매출 | AZ60: FALSE | BE60: FALSE | BF60: FALSE | BI60: 0 | BJ60: 0 | BK60: 124200 | BP60: 제품 | BS60: 0 | BU60: 손경진 | BW60: =VLOOKUP(BX60,거래처별담당자!$C:$E,3,0) -> 김화니 | BX60: =IFERROR(VLOOKUP(M60, 할인점점포등록!E:I, 5, 0), M60) -> 지오영
C61: TRUE | E61: 제약사업부 | F61: 202609010016 | G61: 2026-09-01 | H61: 내수 | I61: 판매출고 | J61: CSO팀 | K61: 김화니 | L61: 지오영 | M61: 지오영 | O61: 109-81-78726 | P61: NEW신강남센터 | R61: FALSE | S61: OTRSC100B | T61: 트란사민캡슐250밀리그램(트라넥삼산) | U61: 100 | V61: 위탁 | W61: 위탁_내용고형제 | X61: 위탁_경질캡슐 | Z61: EA | AA61: 33000 | AB61: 29700 | AC61: 20 | AD61: TRUE | AE61: 10 | AF61: KRW | AG61: 1 | AH61: 29700 | AI61: 540000 | AJ61: 54000 | AK61: 594000 | AL61: 540000 | AM61: 54000 | AN61: 594000 | AP61: EA | AQ61: 20 | AR61: PICO 출고창고 | AS61: 26002A | AT61: FALSE | AU61: 작성(미확정) | AW61: PICO | AY61: 세금계산서매출 | AZ61: FALSE | BE61: FALSE | BF61: FALSE | BI61: 0 | BJ61: 0 | BK61: 594000 | BP61: 제품 | BS61: 0 | BU61: 손경진 | BW61: =VLOOKUP(BX61,거래처별담당자!$C:$E,3,0) -> 김화니 | BX61: =IFERROR(VLOOKUP(M61, 할인점점포등록!E:I, 5, 0), M61) -> 지오영
C62: TRUE | E62: 제약사업부 | F62: 202609010017 | G62: 2026-09-01 | H62: 내수 | I62: 판매출고 | J62: CSO팀 | K62: 김화니 | L62: 지오영 | M62: 지오영 | O62: 109-81-78726 | P62: 북부물류(의정부) | R62: FALSE | S62: PSINL300B | T62: 신비아시럽(아세트아미노펜) 300mL | U62: 1 | V62: 자사 | W62: 자사_내용액제 | X62: 자사_시럽제 | Z62: EA | AA62: 8400 | AB62: 7560 | AC62: 30 | AD62: TRUE | AE62: 10 | AF62: KRW | AG62: 1 | AH62: 7560 | AI62: 206182 | AJ62: 20618 | AK62: 226800 | AL62: 206182 | AM62: 20618 | AN62: 226800 | AP62: EA | AQ62: 30 | AR62: PICO 출고창고 | AS62: 25003 | AT62: FALSE | AU62: 작성(미확정) | AW62: PICO | AY62: 세금계산서매출 | AZ62: FALSE | BE62: FALSE | BF62: FALSE | BI62: 0 | BJ62: 0 | BK62: 226800 | BP62: 제품 | BS62: 0 | BU62: 이재철 | BW62: =VLOOKUP(BX62,거래처별담당자!$C:$E,3,0) -> 김화니 | BX62: =IFERROR(VLOOKUP(M62, 할인점점포등록!E:I, 5, 0), M62) -> 지오영
C63: TRUE | E63: 제약사업부 | F63: 202609010017 | G63: 2026-09-01 | H63: 내수 | I63: 판매출고 | J63: CSO팀 | K63: 김화니 | L63: 지오영 | M63: 지오영 | O63: 109-81-78726 | P63: 북부물류(의정부) | R63: FALSE | S63: OACLL001B | T63: 아클라온듀오시럽(아목시실린-클라불란산칼륨(7:1)) | U63: 1 | V63: 위탁 | W63: 위탁_내용고형제 | X63: 위탁_건조시럽 | Z63: EA | AA63: 3450 | AB63: 3105 | AC63: 600 | AD63: TRUE | AE63: 10 | AF63: KRW | AG63: 1 | AH63: 3105 | AI63: 1693636 | AJ63: 169364 | AK63: 1863000 | AL63: 1693636 | AM63: 169364 | AN63: 1863000 | AP63: EA | AQ63: 600 | AR63: PICO 출고창고 | AS63: 25001 | AT63: FALSE | AU63: 작성(미확정) | AW63: PICO | AY63: 세금계산서매출 | AZ63: FALSE | BE63: FALSE | BF63: FALSE | BI63: 0 | BJ63: 0 | BK63: 1863000 | BP63: 제품 | BS63: 0 | BU63: 이재철 | BW63: =VLOOKUP(BX63,거래처별담당자!$C:$E,3,0) -> 김화니 | BX63: =IFERROR(VLOOKUP(M63, 할인점점포등록!E:I, 5, 0), M63) -> 지오영
... C67: TRUE | E67: 제약사업부 | F67: 202609010019 | G67: 2026-09-01 | H67: 내수 | I67: 판매출고 | J67: CSO팀 | K67: 김화니 | L67: 지오영 | M67: 지오영 | O67: 109-81-78726 | P67: 동부물류 | R67: FALSE | S67: OEDST030B | T67: 엘도에스정(에르도스테인) | U67: 30 | V67: 위탁 | W67: 위탁_내용고형제 | X67: 위탁_정제 | Z67: EA | AA67: 5880 | AB67: 5292 | AC67: 10 | AD67: TRUE | AE67: 10 | AF67: KRW | AG67: 1 | AH67: 5292 | AI67: 48109 | AJ67: 4811 | AK67: 52920 | AL67: 48109 | AM67: 4811 | AN67: 52920 | AP67: EA | AQ67: 10 | AR67: PICO 출고창고 | AS67: 24001B | AT67: FALSE | AU67: 작성(미확정) | AW67: PICO | AY67: 세금계산서매출 | AZ67: FALSE | BE67: FALSE | BF67: FALSE | BI67: 0 | BJ67: 0 | BK67: 52920 | BP67: 제품 | BS67: 0 | BU67: 신보경 | BW67: =VLOOKUP(BX67,거래처별담당자!$C:$E,3,0) -> 김화니 | BX67: =IFERROR(VLOOKUP(M67, 할인점점포등록!E:I, 5, 0), M67) -> 지오영
C68: TRUE | E68: 제약사업부 | F68: 202609010020 | G68: 2026-09-01 | H68: 내수 | I68: 판매출고 | J68: 의료기기팀 | K68: 권정일1 | L68: 더포메디컬(의료기기) | M68: 더포메디컬(의료기기) | O68: 399-87-03290 | P68: 더포메디컬 창고 | R68: FALSE | S68: MDEDAC | T68: 엔도알컴 | U68: 20mL*2Vials | V68: 위탁 | W68: 위탁_의료기기 | X68: 위탁_점막하주입제 | Z68: EA | AA68: 77000 | AB68: 66000 | AC68: 30 | AD68: TRUE | AE68: 10 | AF68: KRW | AG68: 1 | AH68: 66000 | AI68: 1800000 | AJ68: 180000 | AK68: 1980000 | AL68: 1800000 | AM68: 180000 | AN68: 1980000 | AP68: EA | AQ68: 30 | AR68: PICO 출고창고 | AS68: MT-2508-001 | AT68: FALSE | AU68: 작성(미확정) | AW68: PICO | AY68: 세금계산서매출 | AZ68: FALSE | BE68: FALSE | BF68: FALSE | BI68: 0 | BJ68: 0 | BK68: 1980000 | BP68: 제품 | BS68: 0 | BW68: =VLOOKUP(BX68,거래처별담당자!$C:$E,3,0) -> 권정일1 | BX68: =IFERROR(VLOOKUP(M68, 할인점점포등록!E:I, 5, 0), M68) -> 더포메디컬(의료기기)
C69: TRUE | E69: 제약사업부 | F69: 202609010021 | G69: 2026-09-01 | H69: 내수 | I69: 판매출고 | J69: CSO팀 | K69: 김화니 | L69: 한신메디팜 | M69: 한신메디팜 | O69: 881-10-01601 | P69: 한신메디팜 | R69: FALSE | S69: PUSMT300B | T69: 울트라맥세미정 | U69: 300 | V69: 자사 | W69: 자사_내용고형제 | X69: 자사_정제 | Z69: EA | AA69: 37500 | AB69: 33750 | AC69: 10 | AD69: TRUE | AE69: 10 | AF69: KRW | AG69: 1 | AH69: 33750 | AI69: 306818 | AJ69: 30682 | AK69: 337500 | AL69: 306818 | AM69: 30682 | AN69: 337500 | AP69: EA | AQ69: 10 | AR69: PICO 출고창고 | AS69: 26001A | AT69: FALSE | AU69: 작성(미확정) | AW69: PICO | AY69: 세금계산서매출 | AZ69: FALSE | BE69: FALSE | BF69: FALSE | BI69: 0 | BJ69: 0 | BK69: 337500 | BP69: 제품 | BS69: 0 | BW69: =VLOOKUP(BX69,거래처별담당자!$C:$E,3,0) -> 김화니 | BX69: =IFERROR(VLOOKUP(M69, 할인점점포등록!E:I, 5, 0), M69) -> 한신메디팜
C70: TRUE | E70: 제약사업부 | F70: 202609010022 | G70: 2026-09-01 | H70: 내수 | I70: 판매출고 | J70: CSO팀 | K70: 김화니 | L70: 백제약품영남본부 | M70: 백제약품영남본부 | O70: 609-85-04585 | P70: 백제약품영남본부 | R70: FALSE | S70: OPRMT030P | T70: 프로모아정5밀리그램(피나스테리드) | U70: 30 | V70: 위탁 | W70: 위탁_내용고형제 | X70: 위탁_정제 | Z70: EA | AA70: 18660 | AB70: 16794 | AC70: 5 | AD70: TRUE | AE70: 10 | AF70: KRW | AG70: 1 | AH70: 16794 | AI70: 76336 | AJ70: 7634 | AK70: 83970 | AL70: 76336 | AM70: 7634 | AN70: 83970 | AP70: EA | AQ70: 5 | AR70: PICO 출고창고 | AS70: 25001 | AT70: FALSE | AU70: 작성(미확정) | AW70: PICO | AY70: 세금계산서매출 | AZ70: FALSE | BE70: FALSE | BF70: FALSE | BI70: 0 | BJ70: 0 | BK70: 83970 | BP70: 제품 | BS70: 0 | BW70: =VLOOKUP(BX70,거래처별담당자!$C:$E,3,0) -> 김화니 | BX70: =IFERROR(VLOOKUP(M70, 할인점점포등록!E:I, 5, 0), M70) -> 백제약품영남본부
C71: TRUE | E71: 제약사업부 | F71: 202609010022 | G71: 2026-09-01 | H71: 내수 | I71: 판매출고 | J71: CSO팀 | K71: 김화니 | L71: 백제약품영남본부 | M71: 백제약품영남본부 | O71: 609-85-04585 | P71: 백제약품영남본부 | R71: FALSE | S71: CGABC100B | T71: 가바투캡슐300밀리그램(가바펜틴) | U71: 100 | V71: 상품 | W71: 상품_내용고형제 | X71: 상품_경질캡슐 | Z71: EA | AA71: 34600 | AB71: 31140 | AC71: 1 | AD71: TRUE | AE71: 10 | AF71: KRW | AG71: 1 | AH71: 31140 | AI71: 28309 | AJ71: 2831 | AK71: 31140 | AL71: 28309 | AM71: 2831 | AN71: 31140 | AP71: EA | AQ71: 1 | AR71: PICO 출고창고 | AS71: 24001 | AT71: FALSE | AU71: 작성(미확정) | AW71: PICO | AY71: 세금계산서매출 | AZ71: FALSE | BE71: FALSE | BF71: FALSE | BI71: 0 | BJ71: 0 | BK71: 31140 | BP71: 상품 | BS71: 0 | BW71: =VLOOKUP(BX71,거래처별담당자!$C:$E,3,0) -> 김화니 | BX71: =IFERROR(VLOOKUP(M71, 할인점점포등록!E:I, 5, 0), M71) -> 백제약품영남본부
C72: TRUE | E72: 제약사업부 | F72: 202609010022 | G72: 2026-09-01 | H72: 내수 | I72: 판매출고 | J72: CSO팀 | K72: 김화니 | L72: 백제약품영남본부 | M72: 백제약품영남본부 | O72: 609-85-04585 | P72: 백제약품영남본부 | R72: FALSE | S72: PDNPT100B | T72: 도네페온정10밀리그램(도네페질염산염수화물) | U72: 100 | V72: 자사 | W72: 자사_내용고형제 | X72: 자사_정제 | Z72: EA | AA72: 209100 | AB72: 188190 | AC72: 1 | AD72: TRUE | AE72: 10 | AF72: KRW | AG72: 1 | AH72: 188190 | AI72: 171082 | AJ72: 17108 | AK72: 188190 | AL72: 171082 | AM72: 17108 | AN72: 188190 | AP72: EA | AQ72: 1 | AR72: PICO 출고창고 | AS72: 24004A | AT72: FALSE | AU72: 작성(미확정) | AW72: PICO | AY72: 세금계산서매출 | AZ72: FALSE | BE72: FALSE | BF72: FALSE | BI72: 0 | BJ72: 0 | BK72: 188190 | BP72: 제품 | BS72: 0 | BW72: =VLOOKUP(BX72,거래처별담당자!$C:$E,3,0) -> 김화니 | BX72: =IFERROR(VLOOKUP(M72, 할인점점포등록!E:I, 5, 0), M72) -> 백제약품영남본부
C73: TRUE | E73: 제약사업부 | F73: 202609010022 | G73: 2026-09-01 | H73: 내수 | I73: 판매출고 | J73: CSO팀 | K73: 김화니 | L73: 백제약품영남본부 | M73: 백제약품영남본부 | O73: 609-85-04585 | P73: 백제약품영남본부 | R73: FALSE | S73: PDPOT100B | T73: 도네페온정5밀리그램(도네페질염산염수화물) | U73: 100 | V73: 자사 | W73: 자사_내용고형제 | X73: 자사_정제 | Z73: EA | AA73: 175100 | AB73: 157590 | AC73: 3 | AD73: TRUE | AE73: 10 | AF73: KRW | AG73: 1 | AH73: 157590 | AI73: 429791 | AJ73: 42979 | AK73: 472770 | AL73: 429791 | AM73: 42979 | AN73: 472770 | AP73: EA | AQ73: 3 | AR73: PICO 출고창고 | AS73: 24005A | AT73: FALSE | AU73: 작성(미확정) | AW73: PICO | AY73: 세금계산서매출 | AZ73: FALSE | BE73: FALSE | BF73: FALSE | BI73: 0 | BJ73: 0 | BK73: 472770 | BP73: 제품 | BS73: 0 | BW73: =VLOOKUP(BX73,거래처별담당자!$C:$E,3,0) -> 김화니 | BX73: =IFERROR(VLOOKUP(M73, 할인점점포등록!E:I, 5, 0), M73) -> 백제약품영남본부
C74: TRUE | E74: 제약사업부 | F74: 202609010022 | G74: 2026-09-01 | H74: 내수 | I74: 판매출고 | J74: CSO팀 | K74: 김화니 | L74: 백제약품영남본부 | M74: 백제약품영남본부 | O74: 609-85-04585 | P74: 백제약품영남본부 | R74: FALSE | S74: PMSDT021P | T74: 맥세렌디정 | U74: 21 | V74: 자사 | W74: 자사_내용고형제 | X74: 자사_정제 | Z74: EA | AA74: 25200 | AB74: 22680 | AC74: 100 | AD74: TRUE | AE74: 10 | AF74: KRW | AG74: 1 | AH74: 22680 | AI74: 2061818 | AJ74: 206182 | AK74: 2268000 | AL74: 2061818 | AM74: 206182 | AN74: 2268000 | AP74: EA | AQ74: 100 | AR74: PICO 출고창고 | AS74: 26003 | AT74: FALSE | AU74: 작성(미확정) | AW74: PICO | AY74: 세금계산서매출 | AZ74: FALSE | BE74: FALSE | BF74: FALSE | BI74: 0 | BJ74: 0 | BK74: 2268000 | BP74: 제품 | BS74: 0 | BW74: =VLOOKUP(BX74,거래처별담당자!$C:$E,3,0) -> 김화니 | BX74: =IFERROR(VLOOKUP(M74, 할인점점포등록!E:I, 5, 0), M74) -> 백제약품영남본부
C75: TRUE | E75: 제약사업부 | F75: 202609010022 | G75: 2026-09-01 | H75: 내수 | I75: 판매출고 | J75: CSO팀 | K75: 김화니 | L75: 백제약품영남본부 | M75: 백제약품영남본부 | O75: 609-85-04585 | P75: 백제약품영남본부 | R75: FALSE | S75: PMCCT300B | T75: 맥씨정(레보세티리진염산염) | U75: 300 | V75: 자사 | W75: 자사_내용고형제 | X75: 자사_정제 | Z75: EA | AA75: 61500 | AB75: 55350 | AC75: 5 | AD75: TRUE | AE75: 10 | AF75: KRW | AG75: 1 | AH75: 55350 | AI75: 251591 | AJ75: 25159 | AK75: 276750 | AL75: 251591 | AM75: 25159 | AN75: 276750 | AP75: EA | AQ75: 5 | AR75: PICO 출고창고 | AS75: 24011 | AT75: FALSE | AU75: 작성(미확정) | AW75: PICO | AY75: 세금계산서매출 | AZ75: FALSE | BE75: FALSE | BF75: FALSE | BI75: 0 | BJ75: 0 | BK75: 276750 | BP75: 제품 | BS75: 0 | BW75: =VLOOKUP(BX75,거래처별담당자!$C:$E,3,0) -> 김화니 | BX75: =IFERROR(VLOOKUP(M75, 할인점점포등록!E:I, 5, 0), M75) -> 백제약품영남본부
C76: TRUE | E76: 제약사업부 | F76: 202609010022 | G76: 2026-09-01 | H76: 내수 | I76: 판매출고 | J76: CSO팀 | K76: 김화니 | L76: 백제약품영남본부 | M76: 백제약품영남본부 | O76: 609-85-04585 | P76: 백제약품영남본부 | R76: FALSE | S76: PBLMT300B | T76: 베리맥정10밀리그램(베포타스틴베실산염) | U76: 300 | V76: 자사 | W76: 자사_내용고형제 | X76: 자사_정제 | Z76: EA | AA76: 44400 | AB76: 39960 | AC76: 3 | AD76: TRUE | AE76: 10 | AF76: KRW | AG76: 1 | AH76: 39960 | AI76: 108982 | AJ76: 10898 | AK76: 119880 | AL76: 108982 | AM76: 10898 | AN76: 119880 | AP76: EA | AQ76: 3 | AR76: PICO 출고창고 | AS76: 26004 | AT76: FALSE | AU76: 작성(미확정) | AW76: PICO | AY76: 세금계산서매출 | AZ76: FALSE | BE76: FALSE | BF76: FALSE | BI76: 0 | BJ76: 0 | BK76: 119880 | BP76: 제품 | BS76: 0 | BW76: =VLOOKUP(BX76,거래처별담당자!$C:$E,3,0) -> 김화니 | BX76: =IFERROR(VLOOKUP(M76, 할인점점포등록!E:I, 5, 0), M76) -> 백제약품영남본부
C77: TRUE | E77: 제약사업부 | F77: 202609010022 | G77: 2026-09-01 | H77: 내수 | I77: 판매출고 | J77: CSO팀 | K77: 김화니 | L77: 백제약품영남본부 | M77: 백제약품영남본부 | O77: 609-85-04585 | P77: 백제약품영남본부 | R77: FALSE | S77: PBLMT030B | T77: 베리맥정10밀리그램(베포타스틴베실산염) | U77: 30 | V77: 자사 | W77: 자사_내용고형제 | X77: 자사_정제 | Z77: EA | AA77: 4440 | AB77: 3996 | AC77: 30 | AD77: TRUE | AE77: 10 | AF77: KRW | AG77: 1 | AH77: 3996 | AI77: 108982 | AJ77: 10898 | AK77: 119880 | AL77: 108982 | AM77: 10898 | AN77: 119880 | AP77: EA | AQ77: 30 | AR77: PICO 출고창고 | AS77: 25011B | AT77: FALSE | AU77: 작성(미확정) | AW77: PICO | AY77: 세금계산서매출 | AZ77: FALSE | BE77: FALSE | BF77: FALSE | BI77: 0 | BJ77: 0 | BK77: 119880 | BP77: 제품 | BS77: 0 | BW77: =VLOOKUP(BX77,거래처별담당자!$C:$E,3,0) -> 김화니 | BX77: =IFERROR(VLOOKUP(M77, 할인점점포등록!E:I, 5, 0), M77) -> 백제약품영남본부
C78: TRUE | E78: 제약사업부 | F78: 202609010022 | G78: 2026-09-01 | H78: 내수 | I78: 판매출고 | J78: CSO팀 | K78: 김화니 | L78: 백제약품영남본부 | M78: 백제약품영남본부 | O78: 609-85-04585 | P78: 백제약품영남본부 | R78: FALSE | S78: OACNT100P | T78: 아클라온정375밀리그램(아목시실린-클라불란산칼륨(2:1)) | U78: 100 | V78: 위탁 | W78: 위탁_내용고형제 | X78: 위탁_정제 | Z78: EA | AA78: 30000 | AB78: 27000 | AC78: 48 | AD78: TRUE | AE78: 10 | AF78: KRW | AG78: 1 | AH78: 27000 | AI78: 1178182 | AJ78: 117818 | AK78: 1296000 | AL78: 1178182 | AM78: 117818 | AN78: 1296000 | AP78: EA | AQ78: 48 | AR78: PICO 출고창고 | AS78: 25003 | AT78: FALSE | AU78: 작성(미확정) | AW78: PICO | AY78: 세금계산서매출 | AZ78: FALSE | BE78: FALSE | BF78: FALSE | BI78: 0 | BJ78: 0 | BK78: 1296000 | BP78: 제품 | BS78: 0 | BW78: =VLOOKUP(BX78,거래처별담당자!$C:$E,3,0) -> 김화니 | BX78: =IFERROR(VLOOKUP(M78, 할인점점포등록!E:I, 5, 0), M78) -> 백제약품영남본부
C79: TRUE | E79: 제약사업부 | F79: 202609010022 | G79: 2026-09-01 | H79: 내수 | I79: 판매출고 | J79: CSO팀 | K79: 김화니 | L79: 백제약품영남본부 | M79: 백제약품영남본부 | O79: 609-85-04585 | P79: 백제약품영남본부 | R79: FALSE | S79: OACOT060P | T79: 아클라온정625밀리그램(아목시실린-클라불란산칼륨(4:1)) | U79: 60 | V79: 위탁 | W79: 위탁_내용고형제 | X79: 위탁_정제 | Z79: EA | AA79: 28980 | AB79: 26082 | AC79: 40 | AD79: TRUE | AE79: 10 | AF79: KRW | AG79: 1 | AH79: 26082 | AI79: 948436 | AJ79: 94844 | AK79: 1043280 | AL79: 948436 | AM79: 94844 | AN79: 1043280 | AP79: EA | AQ79: 40 | AR79: PICO 출고창고 | AS79: 26001 | AT79: FALSE | AU79: 작성(미확정) | AW79: PICO | AY79: 세금계산서매출 | AZ79: FALSE | BE79: FALSE | BF79: FALSE | BI79: 0 | BJ79: 0 | BK79: 1043280 | BP79: 제품 | BS79: 0 | BW79: =VLOOKUP(BX79,거래처별담당자!$C:$E,3,0) -> 김화니 | BX79: =IFERROR(VLOOKUP(M79, 할인점점포등록!E:I, 5, 0), M79) -> 백제약품영남본부
... C90: TRUE | E90: 제약사업부 | F90: 202609010022 | G90: 2026-09-01 | H90: 내수 | I90: 판매출고 | J90: CSO팀 | K90: 김화니 | L90: 백제약품영남본부 | M90: 백제약품영남본부 | O90: 609-85-04585 | P90: 백제약품영남본부 | R90: FALSE | S90: CPRCC100B | T90: 프레칸캡슐50밀리그램(프레가발린) | U90: 100 | V90: 상품 | W90: 상품_내용고형제 | X90: 상품_경질캡슐 | Z90: EA | AA90: 37300 | AB90: 33570 | AC90: 20 | AD90: TRUE | AE90: 10 | AF90: KRW | AG90: 1 | AH90: 33570 | AI90: 610364 | AJ90: 61036 | AK90: 671400 | AL90: 610364 | AM90: 61036 | AN90: 671400 | AP90: EA | AQ90: 20 | AR90: PICO 출고창고 | AS90: 26001 | AT90: FALSE | AU90: 작성(미확정) | AW90: PICO | AY90: 세금계산서매출 | AZ90: FALSE | BE90: FALSE | BF90: FALSE | BI90: 0 | BJ90: 0 | BK90: 671400 | BP90: 상품 | BS90: 0 | BW90: =VLOOKUP(BX90,거래처별담당자!$C:$E,3,0) -> 김화니 | BX90: =IFERROR(VLOOKUP(M90, 할인점점포등록!E:I, 5, 0), M90) -> 백제약품영남본부
C91: TRUE | E91: 제약사업부 | F91: 202609010023 | G91: 2026-09-01 | H91: 내수 | I91: 판매출고 | J91: CSO팀 | K91: 김화니 | L91: 지오영 | M91: 지오영 | O91: 109-81-78726 | P91: NEW인천신허브물류 | R91: FALSE | S91: PDNPT100B | T91: 도네페온정10밀리그램(도네페질염산염수화물) | U91: 100 | V91: 자사 | W91: 자사_내용고형제 | X91: 자사_정제 | Z91: EA | AA91: 209100 | AB91: 188190 | AC91: 10 | AD91: TRUE | AE91: 10 | AF91: KRW | AG91: 1 | AH91: 188190 | AI91: 1710818 | AJ91: 171082 | AK91: 1881900 | AL91: 1710818 | AM91: 171082 | AN91: 1881900 | AP91: EA | AQ91: 10 | AR91: PICO 출고창고 | AS91: 24005 | AT91: FALSE | AU91: 작성(미확정) | AW91: PICO | AY91: 세금계산서매출 | AZ91: FALSE | BE91: FALSE | BF91: FALSE | BI91: 0 | BJ91: 0 | BK91: 1881900 | BP91: 제품 | BS91: 0 | BU91: 조영상 | BV91: 조유미 | BW91: =VLOOKUP(BX91,거래처별담당자!$C:$E,3,0) -> 김화니 | BX91: =IFERROR(VLOOKUP(M91, 할인점점포등록!E:I, 5, 0), M91) -> 지오영
C92: TRUE | E92: 제약사업부 | F92: 202609010023 | G92: 2026-09-01 | H92: 내수 | I92: 판매출고 | J92: CSO팀 | K92: 김화니 | L92: 지오영 | M92: 지오영 | O92: 109-81-78726 | P92: NEW인천신허브물류 | R92: FALSE | S92: PDNPT030B | T92: 도네페온정10밀리그램(도네페질염산염수화물) | U92: 30 | V92: 자사 | W92: 자사_내용고형제 | X92: 자사_정제 | Z92: EA | AA92: 62730 | AB92: 56457 | AC92: 5 | AD92: TRUE | AE92: 10 | AF92: KRW | AG92: 1 | AH92: 56457 | AI92: 256623 | AJ92: 25662 | AK92: 282285 | AL92: 256623 | AM92: 25662 | AN92: 282285 | AP92: EA | AQ92: 5 | AR92: PICO 출고창고 | AS92: 24006B | AT92: FALSE | AU92: 작성(미확정) | AW92: PICO | AY92: 세금계산서매출 | AZ92: FALSE | BE92: FALSE | BF92: FALSE | BI92: 0 | BJ92: 0 | BK92: 282285 | BP92: 제품 | BS92: 0 | BU92: 조영상 | BV92: 조유미 | BW92: =VLOOKUP(BX92,거래처별담당자!$C:$E,3,0) -> 김화니 | BX92: =IFERROR(VLOOKUP(M92, 할인점점포등록!E:I, 5, 0), M92) -> 지오영
C93: TRUE | E93: 제약사업부 | F93: 202609010023 | G93: 2026-09-01 | H93: 내수 | I93: 판매출고 | J93: CSO팀 | K93: 김화니 | L93: 지오영 | M93: 지오영 | O93: 109-81-78726 | P93: NEW인천신허브물류 | R93: FALSE | S93: PDPOT100B | T93: 도네페온정5밀리그램(도네페질염산염수화물) | U93: 100 | V93: 자사 | W93: 자사_내용고형제 | X93: 자사_정제 | Z93: EA | AA93: 175100 | AB93: 157590 | AC93: 3 | AD93: TRUE | AE93: 10 | AF93: KRW | AG93: 1 | AH93: 157590 | AI93: 429791 | AJ93: 42979 | AK93: 472770 | AL93: 429791 | AM93: 42979 | AN93: 472770 | AP93: EA | AQ93: 3 | AR93: PICO 출고창고 | AS93: 24005A | AT93: FALSE | AU93: 작성(미확정) | AW93: PICO | AY93: 세금계산서매출 | AZ93: FALSE | BE93: FALSE | BF93: FALSE | BI93: 0 | BJ93: 0 | BK93: 472770 | BP93: 제품 | BS93: 0 | BU93: 조영상 | BV93: 조유미 | BW93: =VLOOKUP(BX93,거래처별담당자!$C:$E,3,0) -> 김화니 | BX93: =IFERROR(VLOOKUP(M93, 할인점점포등록!E:I, 5, 0), M93) -> 지오영
C94: TRUE | E94: 제약사업부 | F94: 202609010023 | G94: 2026-09-01 | H94: 내수 | I94: 판매출고 | J94: CSO팀 | K94: 김화니 | L94: 지오영 | M94: 지오영 | O94: 109-81-78726 | P94: NEW인천신허브물류 | R94: FALSE | S94: ODPOT030B | T94: 도네페온정5밀리그램(도네페질염산염수화물) | U94: 30 | V94: 위탁 | W94: 위탁_내용고형제 | X94: 위탁_정제 | Z94: EA | AA94: 52530 | AB94: 47277 | AC94: 40 | AD94: TRUE | AE94: 10 | AF94: KRW | AG94: 1 | AH94: 47277 | AI94: 1719164 | AJ94: 171916 | AK94: 1891080 | AL94: 1719164 | AM94: 171916 | AN94: 1891080 | AP94: EA | AQ94: 40 | AR94: PICO 출고창고 | AS94: 25004B | AT94: FALSE | AU94: 작성(미확정) | AW94: PICO | AY94: 세금계산서매출 | AZ94: FALSE | BE94: FALSE | BF94: FALSE | BI94: 0 | BJ94: 0 | BK94: 1891080 | BP94: 제품 | BS94: 0 | BU94: 조영상 | BV94: 정유나 | BW94: =VLOOKUP(BX94,거래처별담당자!$C:$E,3,0) -> 김화니 | BX94: =IFERROR(VLOOKUP(M94, 할인점점포등록!E:I, 5, 0), M94) -> 지오영
C95: TRUE | E95: 제약사업부 | F95: 202609010023 | G95: 2026-09-01 | H95: 내수 | I95: 판매출고 | J95: CSO팀 | K95: 김화니 | L95: 지오영 | M95: 지오영 | O95: 109-81-78726 | P95: NEW인천신허브물류 | R95: FALSE | S95: ODOMT030P | T95: 듀오엠정40/5밀리그램 | U95: 30 | V95: 위탁 | W95: 위탁_내용고형제 | X95: 위탁_정제 | Z95: EA | AA95: 18000 | AB95: 16200 | AC95: 10 | AD95: TRUE | AE95: 10 | AF95: KRW | AG95: 1 | AH95: 16200 | AI95: 147273 | AJ95: 14727 | AK95: 162000 | AL95: 147273 | AM95: 14727 | AN95: 162000 | AP95: EA | AQ95: 10 | AR95: PICO 출고창고 | AS95: 26001 | AT95: FALSE | AU95: 작성(미확정) | AW95: PICO | AY95: 세금계산서매출 | AZ95: FALSE | BE95: FALSE | BF95: FALSE | BI95: 0 | BJ95: 0 | BK95: 162000 | BP95: 제품 | BS95: 0 | BU95: 조영상 | BV95: 정유나 | BW95: =VLOOKUP(BX95,거래처별담당자!$C:$E,3,0) -> 김화니 | BX95: =IFERROR(VLOOKUP(M95, 할인점점포등록!E:I, 5, 0), M95) -> 지오영
C96: TRUE | E96: 제약사업부 | F96: 202609010023 | G96: 2026-09-01 | H96: 내수 | I96: 판매출고 | J96: CSO팀 | K96: 김화니 | L96: 지오영 | M96: 지오영 | O96: 109-81-78726 | P96: NEW인천신허브물류 | R96: FALSE | S96: ORPRT030B | T96: 록프란정(록소프로펜나트륨수화물) | U96: 30 | V96: 위탁 | W96: 위탁_내용고형제 | X96: 위탁_정제 | Z96: EA | AA96: 2850 | AB96: 2565 | AC96: 3 | AD96: TRUE | AE96: 10 | AF96: KRW | AG96: 1 | AH96: 2565 | AI96: 6995 | AJ96: 700 | AK96: 7695 | AL96: 6995 | AM96: 700 | AN96: 7695 | AP96: EA | AQ96: 3 | AR96: PICO 출고창고 | AS96: 23001A | AT96: FALSE | AU96: 작성(미확정) | AW96: PICO | AY96: 세금계산서매출 | AZ96: FALSE | BE96: FALSE | BF96: FALSE | BI96: 0 | BJ96: 0 | BK96: 7695 | BP96: 제품 | BS96: 0 | BU96: 조영상 | BV96: 정유나 | BW96: =VLOOKUP(BX96,거래처별담당자!$C:$E,3,0) -> 김화니 | BX96: =IFERROR(VLOOKUP(M96, 할인점점포등록!E:I, 5, 0), M96) -> 지오영
C97: TRUE | E97: 제약사업부 | F97: 202609010023 | G97: 2026-09-01 | H97: 내수 | I97: 판매출고 | J97: CSO팀 | K97: 김화니 | L97: 지오영 | M97: 지오영 | O97: 109-81-78726 | P97: NEW인천신허브물류 | R97: FALSE | S97: ORCBT004P | T97: 리칼본정35밀리그램(리세드론산나트륨) | U97: 4 | V97: 위탁 | W97: 위탁_내용고형제 | X97: 위탁_정제 | Z97: EA | AA97: 17232 | AB97: 15508.8 | AC97: 20 | AD97: TRUE | AE97: 10 | AF97: KRW | AG97: 1 | AH97: 15508.8 | AI97: 281978 | AJ97: 28198 | AK97: 310176 | AL97: 281978 | AM97: 28198 | AN97: 310176 | AP97: EA | AQ97: 20 | AR97: PICO 출고창고 | AS97: 24002 | AT97: FALSE | AU97: 작성(미확정) | AW97: PICO | AY97: 세금계산서매출 | AZ97: FALSE | BE97: FALSE | BF97: FALSE | BI97: 0 | BJ97: 0 | BK97: 310176 | BP97: 제품 | BS97: 0 | BU97: 조영상 | BW97: =VLOOKUP(BX97,거래처별담당자!$C:$E,3,0) -> 김화니 | BX97: =IFERROR(VLOOKUP(M97, 할인점점포등록!E:I, 5, 0), M97) -> 지오영
C98: TRUE | E98: 제약사업부 | F98: 202609010023 | G98: 2026-09-01 | H98: 내수 | I98: 판매출고 | J98: CSO팀 | K98: 김화니 | L98: 지오영 | M98: 지오영 | O98: 109-81-78726 | P98: NEW인천신허브물류 | R98: FALSE | S98: OMSVT030P | T98: 맥세비카정5/40밀리그램 | U98: 30 | V98: 위탁 | W98: 위탁_내용고형제 | X98: 위탁_정제 | Z98: EA | AA98: 19320 | AB98: 17388 | AC98: 5 | AD98: TRUE | AE98: 10 | AF98: KRW | AG98: 1 | AH98: 17388 | AI98: 79036 | AJ98: 7904 | AK98: 86940 | AL98: 79036 | AM98: 7904 | AN98: 86940 | AP98: EA | AQ98: 5 | AR98: PICO 출고창고 | AS98: 25001 | AT98: FALSE | AU98: 작성(미확정) | AW98: PICO | AY98: 세금계산서매출 | AZ98: FALSE | BE98: FALSE | BF98: FALSE | BI98: 0 | BJ98: 0 | BK98: 86940 | BP98: 제품 | BS98: 0 | BU98: 조영상 | BW98: =VLOOKUP(BX98,거래처별담당자!$C:$E,3,0) -> 김화니 | BX98: =IFERROR(VLOOKUP(M98, 할인점점포등록!E:I, 5, 0), M98) -> 지오영
C99: TRUE | E99: 제약사업부 | F99: 202609010023 | G99: 2026-09-01 | H99: 내수 | I99: 판매출고 | J99: CSO팀 | K99: 김화니 | L99: 지오영 | M99: 지오영 | O99: 109-81-78726 | P99: NEW인천신허브물류 | R99: FALSE | S99: OMNMT300B | T99: 모니맥정(모니플루메이트) | U99: 300 | V99: 위탁 | W99: 위탁_내용고형제 | X99: 위탁_정제 | Z99: EA | AA99: 43500 | AB99: 39150 | AC99: 10 | AD99: TRUE | AE99: 10 | AF99: KRW | AG99: 1 | AH99: 39150 | AI99: 355909 | AJ99: 35591 | AK99: 391500 | AL99: 355909 | AM99: 35591 | AN99: 391500 | AP99: EA | AQ99: 10 | AR99: PICO 출고창고 | AS99: 24003 | AT99: FALSE | AU99: 작성(미확정) | AW99: PICO | AY99: 세금계산서매출 | AZ99: FALSE | BE99: FALSE | BF99: FALSE | BI99: 0 | BJ99: 0 | BK99: 391500 | BP99: 제품 | BS99: 0 | BU99: 조영상 | BW99: =VLOOKUP(BX99,거래처별담당자!$C:$E,3,0) -> 김화니 | BX99: =IFERROR(VLOOKUP(M99, 할인점점포등록!E:I, 5, 0), M99) -> 지오영
C100: TRUE | E100: 제약사업부 | F100: 202609010023 | G100: 2026-09-01 | H100: 내수 | I100: 판매출고 | J100: CSO팀 | K100: 김화니 | L100: 지오영 | M100: 지오영 | O100: 109-81-78726 | P100: NEW인천신허브물류 | R100: FALSE | S100: OMNMT030B | T100: 모니맥정(모니플루메이트) | U100: 30 | V100: 위탁 | W100: 위탁_내용고형제 | X100: 위탁_정제 | Z100: EA | AA100: 4350 | AB100: 3915 | AC100: 5 | AD100: TRUE | AE100: 10 | AF100: KRW | AG100: 1 | AH100: 3915 | AI100: 17795 | AJ100: 1780 | AK100: 19575 | AL100: 17795 | AM100: 1780 | AN100: 19575 | AP100: EA | AQ100: 5 | AR100: PICO 출고창고 | AS100: 24001B | AT100: FALSE | AU100: 작성(미확정) | AW100: PICO | AY100: 세금계산서매출 | AZ100: FALSE | BE100: FALSE | BF100: FALSE | BI100: 0 | BJ100: 0 | BK100: 19575 | BP100: 제품 | BS100: 0 | BU100: 조영상 | BW100: =VLOOKUP(BX100,거래처별담당자!$C:$E,3,0) -> 김화니 | BX100: =IFERROR(VLOOKUP(M100, 할인점점포등록!E:I, 5, 0), M100) -> 지오영
C101: TRUE | E101: 제약사업부 | F101: 202609010023 | G101: 2026-09-01 | H101: 내수 | I101: 판매출고 | J101: CSO팀 | K101: 김화니 | L101: 지오영 | M101: 지오영 | O101: 109-81-78726 | P101: NEW인천신허브물류 | R101: FALSE | S101: PBLMT030B | T101: 베리맥정10밀리그램(베포타스틴베실산염) | U101: 30 | V101: 자사 | W101: 자사_내용고형제 | X101: 자사_정제 | Z101: EA | AA101: 4440 | AB101: 3996 | AC101: 40 | AD101: TRUE | AE101: 10 | AF101: KRW | AG101: 1 | AH101: 3996 | AI101: 145309 | AJ101: 14531 | AK101: 159840 | AL101: 145309 | AM101: 14531 | AN101: 159840 | AP101: EA | AQ101: 40 | AR101: PICO 출고창고 | AS101: 25011B | AT101: FALSE | AU101: 작성(미확정) | AW101: PICO | AY101: 세금계산서매출 | AZ101: FALSE | BE101: FALSE | BF101: FALSE | BI101: 0 | BJ101: 0 | BK101: 159840 | BP101: 제품 | BS101: 0 | BU101: 조영상 | BW101: =VLOOKUP(BX101,거래처별담당자!$C:$E,3,0) -> 김화니 | BX101: =IFERROR(VLOOKUP(M101, 할인점점포등록!E:I, 5, 0), M101) -> 지오영
C102: TRUE | E102: 제약사업부 | F102: 202609010023 | G102: 2026-09-01 | H102: 내수 | I102: 판매출고 | J102: CSO팀 | K102: 김화니 | L102: 지오영 | M102: 지오영 | O102: 109-81-78726 | P102: NEW인천신허브물류 | R102: FALSE | S102: PSINL300B | T102: 신비아시럽(아세트아미노펜) 300mL | U102: 1 | V102: 자사 | W102: 자사_내용액제 | X102: 자사_시럽제 | Z102: EA | AA102: 8400 | AB102: 7560 | AC102: 30 | AD102: TRUE | AE102: 10 | AF102: KRW | AG102: 1 | AH102: 7560 | AI102: 206182 | AJ102: 20618 | AK102: 226800 | AL102: 206182 | AM102: 20618 | AN102: 226800 | AP102: EA | AQ102: 30 | AR102: PICO 출고창고 | AS102: 25003 | AT102: FALSE | AU102: 작성(미확정) | AW102: PICO | AY102: 세금계산서매출 | AZ102: FALSE | BE102: FALSE | BF102: FALSE | BI102: 0 | BJ102: 0 | BK102: 226800 | BP102: 제품 | BS102: 0 | BU102: 조영상 | BW102: =VLOOKUP(BX102,거래처별담당자!$C:$E,3,0) -> 김화니 | BX102: =IFERROR(VLOOKUP(M102, 할인점점포등록!E:I, 5, 0), M102) -> 지오영
C103: TRUE | E103: 제약사업부 | F103: 202609010023 | G103: 2026-09-01 | H103: 내수 | I103: 판매출고 | J103: CSO팀 | K103: 김화니 | L103: 지오영 | M103: 지오영 | O103: 109-81-78726 | P103: NEW인천신허브물류 | R103: FALSE | S103: OACLL001B | T103: 아클라온듀오시럽(아목시실린-클라불란산칼륨(7:1)) | U103: 1 | V103: 위탁 | W103: 위탁_내용고형제 | X103: 위탁_건조시럽 | Z103: EA | AA103: 3450 | AB103: 3105 | AC103: 320 | AD103: TRUE | AE103: 10 | AF103: KRW | AG103: 1 | AH103: 3105 | AI103: 903273 | AJ103: 90327 | AK103: 993600 | AL103: 903273 | AM103: 90327 | AN103: 993600 | AP103: EA | AQ103: 320 | AR103: PICO 출고창고 | AS103: 25001 | AT103: FALSE | AU103: 작성(미확정) | AW103: PICO | AY103: 세금계산서매출 | AZ103: FALSE | BE103: FALSE | BF103: FALSE | BI103: 0 | BJ103: 0 | BK103: 993600 | BP103: 제품 | BS103: 0 | BU103: 조영상 | BW103: =VLOOKUP(BX103,거래처별담당자!$C:$E,3,0) -> 김화니 | BX103: =IFERROR(VLOOKUP(M103, 할인점점포등록!E:I, 5, 0), M103) -> 지오영
C104: TRUE | E104: 제약사업부 | F104: 202609010023 | G104: 2026-09-01 | H104: 내수 | I104: 판매출고 | J104: CSO팀 | K104: 김화니 | L104: 지오영 | M104: 지오영 | O104: 109-81-78726 | P104: NEW인천신허브물류 | R104: FALSE | S104: OACOT060P | T104: 아클라온정625밀리그램(아목시실린-클라불란산칼륨(4:1)) | U104: 60 | V104: 위탁 | W104: 위탁_내용고형제 | X104: 위탁_정제 | Z104: EA | AA104: 28980 | AB104: 26082 | AC104: 30 | AD104: TRUE | AE104: 10 | AF104: KRW | AG104: 1 | AH104: 26082 | AI104: 711327 | AJ104: 71133 | AK104: 782460 | AL104: 711327 | AM104: 71133 | AN104: 782460 | AP104: EA | AQ104: 30 | AR104: PICO 출고창고 | AS104: 26001 | AT104: FALSE | AU104: 작성(미확정) | AW104: PICO | AY104: 세금계산서매출 | AZ104: FALSE | BE104: FALSE | BF104: FALSE | BI104: 0 | BJ104: 0 | BK104: 782460 | BP104: 제품 | BS104: 0 | BU104: 조영상 | BW104: =VLOOKUP(BX104,거래처별담당자!$C:$E,3,0) -> 김화니 | BX104: =IFERROR(VLOOKUP(M104, 할인점점포등록!E:I, 5, 0), M104) -> 지오영
C105: TRUE | E105: 제약사업부 | F105: 202609010023 | G105: 2026-09-01 | H105: 내수 | I105: 판매출고 | J105: CSO팀 | K105: 김화니 | L105: 지오영 | M105: 지오영 | O105: 109-81-78726 | P105: NEW인천신허브물류 | R105: FALSE | S105: OEDST030B | T105: 엘도에스정(에르도스테인) | U105: 30 | V105: 위탁 | W105: 위탁_내용고형제 | X105: 위탁_정제 | Z105: EA | AA105: 5880 | AB105: 5292 | AC105: 139 | AD105: TRUE | AE105: 10 | AF105: KRW | AG105: 1 | AH105: 5292 | AI105: 668716 | AJ105: 66872 | AK105: 735588 | AL105: 668716 | AM105: 66872 | AN105: 735588 | AP105: EA | AQ105: 139 | AR105: PICO 출고창고 | AS105: 24001B | AT105: FALSE | AU105: 작성(미확정) | AW105: PICO | AY105: 세금계산서매출 | AZ105: FALSE | BE105: FALSE | BF105: FALSE | BI105: 0 | BJ105: 0 | BK105: 735588 | BP105: 제품 | BS105: 0 | BU105: 조영상 | BW105: =VLOOKUP(BX105,거래처별담당자!$C:$E,3,0) -> 김화니 | BX105: =IFERROR(VLOOKUP(M105, 할인점점포등록!E:I, 5, 0), M105) -> 지오영
C106: TRUE | E106: 제약사업부 | F106: 202609010023 | G106: 2026-09-01 | H106: 내수 | I106: 판매출고 | J106: CSO팀 | K106: 김화니 | L106: 지오영 | M106: 지오영 | O106: 109-81-78726 | P106: NEW인천신허브물류 | R106: FALSE | S106: OMTFT100B | T106: 엠터나핀정(테르비나핀염산염) | U106: 100 | V106: 위탁 | W106: 위탁_내용고형제 | X106: 위탁_정제 | Z106: EA | AA106: 37000 | AB106: 33300 | AC106: 25 | AD106: TRUE | AE106: 10 | AF106: KRW | AG106: 1 | AH106: 33300 | AI106: 756818 | AJ106: 75682 | AK106: 832500 | AL106: 756818 | AM106: 75682 | AN106: 832500 | AP106: EA | AQ106: 25 | AR106: PICO 출고창고 | AS106: 25004 | AT106: FALSE | AU106: 작성(미확정) | AW106: PICO | AY106: 세금계산서매출 | AZ106: FALSE | BE106: FALSE | BF106: FALSE | BI106: 0 | BJ106: 0 | BK106: 832500 | BP106: 제품 | BS106: 0 | BU106: 조영상 | BW106: =VLOOKUP(BX106,거래처별담당자!$C:$E,3,0) -> 김화니 | BX106: =IFERROR(VLOOKUP(M106, 할인점점포등록!E:I, 5, 0), M106) -> 지오영
C107: TRUE | E107: 제약사업부 | F107: 202609010023 | G107: 2026-09-01 | H107: 내수 | I107: 판매출고 | J107: CSO팀 | K107: 김화니 | L107: 지오영 | M107: 지오영 | O107: 109-81-78726 | P107: NEW인천신허브물류 | R107: FALSE | S107: PESYL010S | T107: 이지팩트액(시트룰린말산염) 15mL | U107: 10 | V107: 자사 | W107: 자사_내용액제 | X107: 자사_액제 | Z107: EA | AA107: 18000 | AB107: 16200 | AC107: 30 | AD107: TRUE | AE107: 10 | AF107: KRW | AG107: 1 | AH107: 16200 | AI107: 441818 | AJ107: 44182 | AK107: 486000 | AL107: 441818 | AM107: 44182 | AN107: 486000 | AP107: EA | AQ107: 30 | AR107: PICO 출고창고 | AS107: 25002 | AT107: FALSE | AU107: 작성(미확정) | AW107: PICO | AY107: 세금계산서매출 | AZ107: FALSE | BE107: FALSE | BF107: FALSE | BI107: 0 | BJ107: 0 | BK107: 486000 | BP107: 제품 | BS107: 0 | BU107: 조영상 | BW107: =VLOOKUP(BX107,거래처별담당자!$C:$E,3,0) -> 김화니 | BX107: =IFERROR(VLOOKUP(M107, 할인점점포등록!E:I, 5, 0), M107) -> 지오영
C108: TRUE | E108: 제약사업부 | F108: 202609010023 | G108: 2026-09-01 | H108: 내수 | I108: 판매출고 | J108: CSO팀 | K108: 김화니 | L108: 지오영 | M108: 지오영 | O108: 109-81-78726 | P108: NEW인천신허브물류 | R108: FALSE | S108: OZALT030B | T108: 잘토맥정(잘토프로펜) | U108: 30 | V108: 위탁 | W108: 위탁_내용고형제 | X108: 위탁_정제 | Z108: EA | AA108: 3750 | AB108: 3375 | AC108: 10 | AD108: TRUE | AE108: 10 | AF108: KRW | AG108: 1 | AH108: 3375 | AI108: 30682 | AJ108: 3068 | AK108: 33750 | AL108: 30682 | AM108: 3068 | AN108: 33750 | AP108: EA | AQ108: 10 | AR108: PICO 출고창고 | AS108: 24002B | AT108: FALSE | AU108: 작성(미확정) | AW108: PICO | AY108: 세금계산서매출 | AZ108: FALSE | BE108: FALSE | BF108: FALSE | BI108: 0 | BJ108: 0 | BK108: 33750 | BP108: 제품 | BS108: 0 | BU108: 조영상 | BW108: =VLOOKUP(BX108,거래처별담당자!$C:$E,3,0) -> 김화니 | BX108: =IFERROR(VLOOKUP(M108, 할인점점포등록!E:I, 5, 0), M108) -> 지오영
... C117: TRUE | E117: 제약사업부 | F117: 202609010023 | G117: 2026-09-01 | H117: 내수 | I117: 판매출고 | J117: CSO팀 | K117: 김화니 | L117: 지오영 | M117: 지오영 | O117: 109-81-78726 | P117: NEW인천신허브물류 | R117: FALSE | S117: OERDC300B | T117: 엘도에스캡슐(에르도스테인) | U117: 300 | V117: 위탁 | W117: 위탁_내용고형제 | X117: 위탁_경질캡슐 | Z117: EA | AA117: 58800 | AB117: 52920 | AC117: 5 | AD117: TRUE | AE117: 10 | AF117: KRW | AG117: 1 | AH117: 52920 | AI117: 240545 | AJ117: 24055 | AK117: 264600 | AL117: 240545 | AM117: 24055 | AN117: 264600 | AP117: EA | AQ117: 5 | AR117: PICO 출고창고 | AS117: 24001A | AT117: FALSE | AU117: 작성(미확정) | AW117: PICO | AY117: 세금계산서매출 | AZ117: FALSE | BE117: FALSE | BF117: FALSE | BI117: 0 | BJ117: 0 | BK117: 264600 | BP117: 제품 | BS117: 0 | BU117: 조영상 | BW117: =VLOOKUP(BX117,거래처별담당자!$C:$E,3,0) -> 김화니 | BX117: =IFERROR(VLOOKUP(M117, 할인점점포등록!E:I, 5, 0), M117) -> 지오영
C118: TRUE | E118: 제약사업부 | F118: 202609010024 | G118: 2026-09-01 | H118: 내수 | I118: 판매출고 | J118: CSO팀 | K118: 김화니 | L118: 티제이팜 | M118: 티제이팜 | O118: 123-86-04017 | P118: 티제이팜 | R118: FALSE | S118: PDNPT100B | T118: 도네페온정10밀리그램(도네페질염산염수화물) | U118: 100 | V118: 자사 | W118: 자사_내용고형제 | X118: 자사_정제 | Z118: EA | AA118: 209100 | AB118: 188190 | AC118: 20 | AD118: TRUE | AE118: 10 | AF118: KRW | AG118: 1 | AH118: 188190 | AI118: 3421636 | AJ118: 342164 | AK118: 3763800 | AL118: 3421636 | AM118: 342164 | AN118: 3763800 | AP118: EA | AQ118: 20 | AR118: PICO 출고창고 | AS118: 24005 | AT118: FALSE | AU118: 작성(미확정) | AW118: PICO | AY118: 세금계산서매출 | AZ118: FALSE | BE118: FALSE | BF118: FALSE | BI118: 0 | BJ118: 0 | BK118: 3763800 | BP118: 제품 | BS118: 0 | BW118: =VLOOKUP(BX118,거래처별담당자!$C:$E,3,0) -> 김화니 | BX118: =IFERROR(VLOOKUP(M118, 할인점점포등록!E:I, 5, 0), M118) -> 티제이팜
C119: TRUE | E119: 제약사업부 | F119: 202609010024 | G119: 2026-09-01 | H119: 내수 | I119: 판매출고 | J119: CSO팀 | K119: 김화니 | L119: 티제이팜 | M119: 티제이팜 | O119: 123-86-04017 | P119: 티제이팜 | R119: FALSE | S119: ODPOT030B | T119: 도네페온정5밀리그램(도네페질염산염수화물) | U119: 30 | V119: 위탁 | W119: 위탁_내용고형제 | X119: 위탁_정제 | Z119: EA | AA119: 52530 | AB119: 47277 | AC119: 20 | AD119: TRUE | AE119: 10 | AF119: KRW | AG119: 1 | AH119: 47277 | AI119: 859582 | AJ119: 85958 | AK119: 945540 | AL119: 859582 | AM119: 85958 | AN119: 945540 | AP119: EA | AQ119: 20 | AR119: PICO 출고창고 | AS119: 25004B | AT119: FALSE | AU119: 작성(미확정) | AW119: PICO | AY119: 세금계산서매출 | AZ119: FALSE | BE119: FALSE | BF119: FALSE | BI119: 0 | BJ119: 0 | BK119: 945540 | BP119: 제품 | BS119: 0 | BW119: =VLOOKUP(BX119,거래처별담당자!$C:$E,3,0) -> 김화니 | BX119: =IFERROR(VLOOKUP(M119, 할인점점포등록!E:I, 5, 0), M119) -> 티제이팜
C120: TRUE | E120: 제약사업부 | F120: 202609010024 | G120: 2026-09-01 | H120: 내수 | I120: 판매출고 | J120: CSO팀 | K120: 김화니 | L120: 티제이팜 | M120: 티제이팜 | O120: 123-86-04017 | P120: 티제이팜 | R120: FALSE | S120: PDPOT100B | T120: 도네페온정5밀리그램(도네페질염산염수화물) | U120: 100 | V120: 자사 | W120: 자사_내용고형제 | X120: 자사_정제 | Z120: EA | AA120: 175100 | AB120: 157590 | AC120: 10 | AD120: TRUE | AE120: 10 | AF120: KRW | AG120: 1 | AH120: 157590 | AI120: 1432636 | AJ120: 143264 | AK120: 1575900 | AL120: 1432636 | AM120: 143264 | AN120: 1575900 | AP120: EA | AQ120: 10 | AR120: PICO 출고창고 | AS120: 24005A | AT120: FALSE | AU120: 작성(미확정) | AW120: PICO | AY120: 세금계산서매출 | AZ120: FALSE | BE120: FALSE | BF120: FALSE | BI120: 0 | BJ120: 0 | BK120: 1575900 | BP120: 제품 | BS120: 0 | BW120: =VLOOKUP(BX120,거래처별담당자!$C:$E,3,0) -> 김화니 | BX120: =IFERROR(VLOOKUP(M120, 할인점점포등록!E:I, 5, 0), M120) -> 티제이팜
C121: TRUE | E121: 제약사업부 | F121: 202609010024 | G121: 2026-09-01 | H121: 내수 | I121: 판매출고 | J121: CSO팀 | K121: 김화니 | L121: 티제이팜 | M121: 티제이팜 | O121: 123-86-04017 | P121: 티제이팜 | R121: FALSE | S121: ORBRT028P | T121: 라베라엠정10밀리그램(라베프라졸나트륨) | U121: 28 | V121: 위탁 | W121: 위탁_내용고형제 | X121: 위탁_정제 | Z121: EA | AA121: 12712 | AB121: 11440.8 | AC121: 20 | AD121: TRUE | AE121: 10 | AF121: KRW | AG121: 1 | AH121: 11440.8 | AI121: 208015 | AJ121: 20801 | AK121: 228816 | AL121: 208015 | AM121: 20801 | AN121: 228816 | AP121: EA | AQ121: 20 | AR121: PICO 출고창고 | AS121: 26001 | AT121: FALSE | AU121: 작성(미확정) | AW121: PICO | AY121: 세금계산서매출 | AZ121: FALSE | BE121: FALSE | BF121: FALSE | BI121: 0 | BJ121: 0 | BK121: 228816 | BP121: 제품 | BS121: 0 | BW121: =VLOOKUP(BX121,거래처별담당자!$C:$E,3,0) -> 김화니 | BX121: =IFERROR(VLOOKUP(M121, 할인점점포등록!E:I, 5, 0), M121) -> 티제이팜
C122: TRUE | E122: 제약사업부 | F122: 202609010024 | G122: 2026-09-01 | H122: 내수 | I122: 판매출고 | J122: CSO팀 | K122: 김화니 | L122: 티제이팜 | M122: 티제이팜 | O122: 123-86-04017 | P122: 티제이팜 | R122: FALSE | S122: OMSVT030P | T122: 맥세비카정5/40밀리그램 | U122: 30 | V122: 위탁 | W122: 위탁_내용고형제 | X122: 위탁_정제 | Z122: EA | AA122: 19320 | AB122: 17388 | AC122: 10 | AD122: TRUE | AE122: 10 | AF122: KRW | AG122: 1 | AH122: 17388 | AI122: 158073 | AJ122: 15807 | AK122: 173880 | AL122: 158073 | AM122: 15807 | AN122: 173880 | AP122: EA | AQ122: 10 | AR122: PICO 출고창고 | AS122: 25001 | AT122: FALSE | AU122: 작성(미확정) | AW122: PICO | AY122: 세금계산서매출 | AZ122: FALSE | BE122: FALSE | BF122: FALSE | BI122: 0 | BJ122: 0 | BK122: 173880 | BP122: 제품 | BS122: 0 | BW122: =VLOOKUP(BX122,거래처별담당자!$C:$E,3,0) -> 김화니 | BX122: =IFERROR(VLOOKUP(M122, 할인점점포등록!E:I, 5, 0), M122) -> 티제이팜
C123: TRUE | E123: 제약사업부 | F123: 202609010024 | G123: 2026-09-01 | H123: 내수 | I123: 판매출고 | J123: CSO팀 | K123: 김화니 | L123: 티제이팜 | M123: 티제이팜 | O123: 123-86-04017 | P123: 티제이팜 | R123: FALSE | S123: OMSPT030B | T123: 모사프리온정(모사프리드시트르산염수화물) | U123: 30 | V123: 위탁 | W123: 위탁_내용고형제 | X123: 위탁_정제 | Z123: EA | AA123: 2640 | AB123: 2376 | AC123: 20 | AD123: TRUE | AE123: 10 | AF123: KRW | AG123: 1 | AH123: 2376 | AI123: 43200 | AJ123: 4320 | AK123: 47520 | AL123: 43200 | AM123: 4320 | AN123: 47520 | AP123: EA | AQ123: 20 | AR123: PICO 출고창고 | AS123: 25001B | AT123: FALSE | AU123: 작성(미확정) | AW123: PICO | AY123: 세금계산서매출 | AZ123: FALSE | BE123: FALSE | BF123: FALSE | BI123: 0 | BJ123: 0 | BK123: 47520 | BP123: 제품 | BS123: 0 | BW123: =VLOOKUP(BX123,거래처별담당자!$C:$E,3,0) -> 김화니 | BX123: =IFERROR(VLOOKUP(M123, 할인점점포등록!E:I, 5, 0), M123) -> 티제이팜
C124: TRUE | E124: 제약사업부 | F124: 202609010024 | G124: 2026-09-01 | H124: 내수 | I124: 판매출고 | J124: CSO팀 | K124: 김화니 | L124: 티제이팜 | M124: 티제이팜 | O124: 123-86-04017 | P124: 티제이팜 | R124: FALSE | S124: PBLMT030B | T124: 베리맥정10밀리그램(베포타스틴베실산염) | U124: 30 | V124: 자사 | W124: 자사_내용고형제 | X124: 자사_정제 | Z124: EA | AA124: 4440 | AB124: 3996 | AC124: 30 | AD124: TRUE | AE124: 10 | AF124: KRW | AG124: 1 | AH124: 3996 | AI124: 108982 | AJ124: 10898 | AK124: 119880 | AL124: 108982 | AM124: 10898 | AN124: 119880 | AP124: EA | AQ124: 30 | AR124: PICO 출고창고 | AS124: 25011B | AT124: FALSE | AU124: 작성(미확정) | AW124: PICO | AY124: 세금계산서매출 | AZ124: FALSE | BE124: FALSE | BF124: FALSE | BI124: 0 | BJ124: 0 | BK124: 119880 | BP124: 제품 | BS124: 0 | BW124: =VLOOKUP(BX124,거래처별담당자!$C:$E,3,0) -> 김화니 | BX124: =IFERROR(VLOOKUP(M124, 할인점점포등록!E:I, 5, 0), M124) -> 티제이팜
C125: TRUE | E125: 제약사업부 | F125: 202609010024 | G125: 2026-09-01 | H125: 내수 | I125: 판매출고 | J125: CSO팀 | K125: 김화니 | L125: 티제이팜 | M125: 티제이팜 | O125: 123-86-04017 | P125: 티제이팜 | R125: FALSE | S125: OARIT200B | T125: 아리온정10밀리그램(에피나스틴염산염) | U125: 200 | V125: 위탁 | W125: 위탁_내용고형제 | X125: 위탁_정제 | Z125: EA | AA125: 77600 | AB125: 69840 | AC125: 10 | AD125: TRUE | AE125: 10 | AF125: KRW | AG125: 1 | AH125: 69840 | AI125: 634909 | AJ125: 63491 | AK125: 698400 | AL125: 634909 | AM125: 63491 | AN125: 698400 | AP125: EA | AQ125: 10 | AR125: PICO 출고창고 | AS125: 25001A | AT125: FALSE | AU125: 작성(미확정) | AW125: PICO | AY125: 세금계산서매출 | AZ125: FALSE | BE125: FALSE | BF125: FALSE | BI125: 0 | BJ125: 0 | BK125: 698400 | BP125: 제품 | BS125: 0 | BW125: =VLOOKUP(BX125,거래처별담당자!$C:$E,3,0) -> 김화니 | BX125: =IFERROR(VLOOKUP(M125, 할인점점포등록!E:I, 5, 0), M125) -> 티제이팜
C126: TRUE | E126: 제약사업부 | F126: 202609010024 | G126: 2026-09-01 | H126: 내수 | I126: 판매출고 | J126: CSO팀 | K126: 김화니 | L126: 티제이팜 | M126: 티제이팜 | O126: 123-86-04017 | P126: 티제이팜 | R126: FALSE | S126: OACNT100P | T126: 아클라온정375밀리그램(아목시실린-클라불란산칼륨(2:1)) | U126: 100 | V126: 위탁 | W126: 위탁_내용고형제 | X126: 위탁_정제 | Z126: EA | AA126: 30000 | AB126: 27000 | AC126: 10 | AD126: TRUE | AE126: 10 | AF126: KRW | AG126: 1 | AH126: 27000 | AI126: 245455 | AJ126: 24545 | AK126: 270000 | AL126: 245455 | AM126: 24545 | AN126: 270000 | AP126: EA | AQ126: 10 | AR126: PICO 출고창고 | AS126: 25003 | AT126: FALSE | AU126: 작성(미확정) | AW126: PICO | AY126: 세금계산서매출 | AZ126: FALSE | BE126: FALSE | BF126: FALSE | BI126: 0 | BJ126: 0 | BK126: 270000 | BP126: 제품 | BS126: 0 | BW126: =VLOOKUP(BX126,거래처별담당자!$C:$E,3,0) -> 김화니 | BX126: =IFERROR(VLOOKUP(M126, 할인점점포등록!E:I, 5, 0), M126) -> 티제이팜
C127: TRUE | E127: 제약사업부 | F127: 202609010024 | G127: 2026-09-01 | H127: 내수 | I127: 판매출고 | J127: CSO팀 | K127: 김화니 | L127: 티제이팜 | M127: 티제이팜 | O127: 123-86-04017 | P127: 티제이팜 | R127: FALSE | S127: OMDPT030B | T127: 엠다파정10밀리그램(다파글리플로진프로판디올수화물) | U127: 30 | V127: 위탁 | W127: 위탁_내용고형제 | X127: 위탁_정제 | Z127: EA | AA127: 10020 | AB127: 9018 | AC127: 10 | AD127: TRUE | AE127: 10 | AF127: KRW | AG127: 1 | AH127: 9018 | AI127: 81982 | AJ127: 8198 | AK127: 90180 | AL127: 81982 | AM127: 8198 | AN127: 90180 | AP127: EA | AQ127: 10 | AR127: PICO 출고창고 | AS127: 25001 | AT127: FALSE | AU127: 작성(미확정) | AW127: PICO | AY127: 세금계산서매출 | AZ127: FALSE | BE127: FALSE | BF127: FALSE | BI127: 0 | BJ127: 0 | BK127: 90180 | BP127: 제품 | BS127: 0 | BW127: =VLOOKUP(BX127,거래처별담당자!$C:$E,3,0) -> 김화니 | BX127: =IFERROR(VLOOKUP(M127, 할인점점포등록!E:I, 5, 0), M127) -> 티제이팜
C128: TRUE | E128: 제약사업부 | F128: 202609010024 | G128: 2026-09-01 | H128: 내수 | I128: 판매출고 | J128: CSO팀 | K128: 김화니 | L128: 티제이팜 | M128: 티제이팜 | O128: 123-86-04017 | P128: 티제이팜 | R128: FALSE | S128: PMDNL050S | T128: 엠로딘액(L-카르니틴) 5mL | U128: 10 | V128: 자사 | W128: 자사_내용액제 | X128: 자사_액제 | Z128: EA | AA128: 6780 | AB128: 6102 | AC128: 30 | AD128: TRUE | AE128: 10 | AF128: KRW | AG128: 1 | AH128: 6102 | AI128: 166418 | AJ128: 16642 | AK128: 183060 | AL128: 166418 | AM128: 16642 | AN128: 183060 | AP128: EA | AQ128: 30 | AR128: PICO 출고창고 | AS128: 25005 | AT128: FALSE | AU128: 작성(미확정) | AW128: PICO | AY128: 세금계산서매출 | AZ128: FALSE | BE128: FALSE | BF128: FALSE | BI128: 0 | BJ128: 0 | BK128: 183060 | BP128: 제품 | BS128: 0 | BW128: =VLOOKUP(BX128,거래처별담당자!$C:$E,3,0) -> 김화니 | BX128: =IFERROR(VLOOKUP(M128, 할인점점포등록!E:I, 5, 0), M128) -> 티제이팜
C129: TRUE | E129: 제약사업부 | F129: 202609010024 | G129: 2026-09-01 | H129: 내수 | I129: 판매출고 | J129: CSO팀 | K129: 김화니 | L129: 티제이팜 | M129: 티제이팜 | O129: 123-86-04017 | P129: 티제이팜 | R129: FALSE | S129: PUTMT030B | T129: 울트라맥정 | U129: 30 | V129: 자사 | W129: 자사_내용고형제 | X129: 자사_정제 | Z129: EA | AA129: 5610 | AB129: 5049 | AC129: 10 | AD129: TRUE | AE129: 10 | AF129: KRW | AG129: 1 | AH129: 5049 | AI129: 45900 | AJ129: 4590 | AK129: 50490 | AL129: 45900 | AM129: 4590 | AN129: 50490 | AP129: EA | AQ129: 10 | AR129: PICO 출고창고 | AS129: 25008B | AT129: FALSE | AU129: 작성(미확정) | AW129: PICO | AY129: 세금계산서매출 | AZ129: FALSE | BE129: FALSE | BF129: FALSE | BI129: 0 | BJ129: 0 | BK129: 50490 | BP129: 제품 | BS129: 0 | BW129: =VLOOKUP(BX129,거래처별담당자!$C:$E,3,0) -> 김화니 | BX129: =IFERROR(VLOOKUP(M129, 할인점점포등록!E:I, 5, 0), M129) -> 티제이팜
... C147: TRUE | E147: 제약사업부 | F147: 202609010027 | G147: 2026-09-01 | H147: 내수 | I147: 판매출고 | J147: CSO팀 | K147: 김화니 | L147: 세화약품(부산) | M147: 세화약품(부산) | O147: 607-81-14022 | P147: 세화약품(부산) | R147: FALSE | S147: OMSVT030P | T147: 맥세비카정5/40밀리그램 | U147: 30 | V147: 위탁 | W147: 위탁_내용고형제 | X147: 위탁_정제 | Z147: EA | AA147: 19320 | AB147: 17388 | AC147: 10 | AD147: TRUE | AE147: 10 | AF147: KRW | AG147: 1 | AH147: 17388 | AI147: 158073 | AJ147: 15807 | AK147: 173880 | AL147: 158073 | AM147: 15807 | AN147: 173880 | AP147: EA | AQ147: 10 | AR147: PICO 출고창고 | AS147: 25001 | AT147: FALSE | AU147: 작성(미확정) | AW147: PICO | AY147: 세금계산서매출 | AZ147: FALSE | BE147: FALSE | BF147: FALSE | BI147: 0 | BJ147: 0 | BK147: 173880 | BP147: 제품 | BS147: 0 | BW147: =VLOOKUP(BX147,거래처별담당자!$C:$E,3,0) -> 김화니 | BX147: =IFERROR(VLOOKUP(M147, 할인점점포등록!E:I, 5, 0), M147) -> 세화약품(부산)
C148: TRUE | E148: 제약사업부 | F148: 202609010027 | G148: 2026-09-01 | H148: 내수 | I148: 판매출고 | J148: CSO팀 | K148: 김화니 | L148: 세화약품(부산) | M148: 세화약품(부산) | O148: 607-81-14022 | P148: 세화약품(부산) | R148: FALSE | S148: PMSET030B | T148: 맥셀디정 | U148: 30 | V148: 자사 | W148: 자사_내용고형제 | X148: 자사_정제 | Z148: EA | AA148: 15000 | AB148: 13500 | AC148: 10 | AD148: TRUE | AE148: 10 | AF148: KRW | AG148: 1 | AH148: 13500 | AI148: 122727 | AJ148: 12273 | AK148: 135000 | AL148: 122727 | AM148: 12273 | AN148: 135000 | AP148: EA | AQ148: 10 | AR148: PICO 출고창고 | AS148: 24002B | AT148: FALSE | AU148: 작성(미확정) | AW148: PICO | AY148: 세금계산서매출 | AZ148: FALSE | BE148: FALSE | BF148: FALSE | BI148: 0 | BJ148: 0 | BK148: 135000 | BP148: 제품 | BS148: 0 | BV148: 쿠팡 대구3센터 | BW148: =VLOOKUP(BX148,거래처별담당자!$C:$E,3,0) -> 김화니 | BX148: =IFERROR(VLOOKUP(M148, 할인점점포등록!E:I, 5, 0), M148) -> 세화약품(부산)
C149: TRUE | E149: 제약사업부 | F149: 202609010027 | G149: 2026-09-01 | H149: 내수 | I149: 판매출고 | J149: CSO팀 | K149: 김화니 | L149: 세화약품(부산) | M149: 세화약품(부산) | O149: 607-81-14022 | P149: 세화약품(부산) | R149: FALSE | S149: PMSET090B | T149: 맥셀디정 | U149: 90 | V149: 자사 | W149: 자사_내용고형제 | X149: 자사_정제 | Z149: EA | AA149: 45000 | AB149: 40500 | AC149: 5 | AD149: TRUE | AE149: 10 | AF149: KRW | AG149: 1 | AH149: 40500 | AI149: 184091 | AJ149: 18409 | AK149: 202500 | AL149: 184091 | AM149: 18409 | AN149: 202500 | AP149: EA | AQ149: 5 | AR149: PICO 출고창고 | AS149: 24004 | AT149: FALSE | AU149: 작성(미확정) | AW149: PICO | AY149: 세금계산서매출 | AZ149: FALSE | BE149: FALSE | BF149: FALSE | BI149: 0 | BJ149: 0 | BK149: 202500 | BP149: 제품 | BS149: 0 | BW149: =VLOOKUP(BX149,거래처별담당자!$C:$E,3,0) -> 김화니 | BX149: =IFERROR(VLOOKUP(M149, 할인점점포등록!E:I, 5, 0), M149) -> 세화약품(부산)
C150: TRUE | E150: 제약사업부 | F150: 202609010027 | G150: 2026-09-01 | H150: 내수 | I150: 판매출고 | J150: CSO팀 | K150: 김화니 | L150: 세화약품(부산) | M150: 세화약품(부산) | O150: 607-81-14022 | P150: 세화약품(부산) | R150: FALSE | S150: PBLMT300B | T150: 베리맥정10밀리그램(베포타스틴베실산염) | U150: 300 | V150: 자사 | W150: 자사_내용고형제 | X150: 자사_정제 | Z150: EA | AA150: 44400 | AB150: 39960 | AC150: 5 | AD150: TRUE | AE150: 10 | AF150: KRW | AG150: 1 | AH150: 39960 | AI150: 181636 | AJ150: 18164 | AK150: 199800 | AL150: 181636 | AM150: 18164 | AN150: 199800 | AP150: EA | AQ150: 5 | AR150: PICO 출고창고 | AS150: 26004 | AT150: FALSE | AU150: 작성(미확정) | AW150: PICO | AY150: 세금계산서매출 | AZ150: FALSE | BE150: FALSE | BF150: FALSE | BI150: 0 | BJ150: 0 | BK150: 199800 | BP150: 제품 | BS150: 0 | BW150: =VLOOKUP(BX150,거래처별담당자!$C:$E,3,0) -> 김화니 | BX150: =IFERROR(VLOOKUP(M150, 할인점점포등록!E:I, 5, 0), M150) -> 세화약품(부산)
C151: TRUE | E151: 제약사업부 | F151: 202609010027 | G151: 2026-09-01 | H151: 내수 | I151: 판매출고 | J151: CSO팀 | K151: 김화니 | L151: 세화약품(부산) | M151: 세화약품(부산) | O151: 607-81-14022 | P151: 세화약품(부산) | R151: FALSE | S151: PBLMT030B | T151: 베리맥정10밀리그램(베포타스틴베실산염) | U151: 30 | V151: 자사 | W151: 자사_내용고형제 | X151: 자사_정제 | Z151: EA | AA151: 4440 | AB151: 3996 | AC151: 10 | AD151: TRUE | AE151: 10 | AF151: KRW | AG151: 1 | AH151: 3996 | AI151: 36327 | AJ151: 3633 | AK151: 39960 | AL151: 36327 | AM151: 3633 | AN151: 39960 | AP151: EA | AQ151: 10 | AR151: PICO 출고창고 | AS151: 25011B | AT151: FALSE | AU151: 작성(미확정) | AW151: PICO | AY151: 세금계산서매출 | AZ151: FALSE | BE151: FALSE | BF151: FALSE | BI151: 0 | BJ151: 0 | BK151: 39960 | BP151: 제품 | BS151: 0 | BW151: =VLOOKUP(BX151,거래처별담당자!$C:$E,3,0) -> 김화니 | BX151: =IFERROR(VLOOKUP(M151, 할인점점포등록!E:I, 5, 0), M151) -> 세화약품(부산)
C152: TRUE | E152: 제약사업부 | F152: 202609010027 | G152: 2026-09-01 | H152: 내수 | I152: 판매출고 | J152: CSO팀 | K152: 김화니 | L152: 세화약품(부산) | M152: 세화약품(부산) | O152: 607-81-14022 | P152: 세화약품(부산) | R152: FALSE | S152: PMDNL050S | T152: 엠로딘액(L-카르니틴) 5mL | U152: 10 | V152: 자사 | W152: 자사_내용액제 | X152: 자사_액제 | Z152: EA | AA152: 6780 | AB152: 6102 | AC152: 10 | AD152: TRUE | AE152: 10 | AF152: KRW | AG152: 1 | AH152: 6102 | AI152: 55473 | AJ152: 5547 | AK152: 61020 | AL152: 55473 | AM152: 5547 | AN152: 61020 | AP152: EA | AQ152: 10 | AR152: PICO 출고창고 | AS152: 25005 | AT152: FALSE | AU152: 작성(미확정) | AW152: PICO | AY152: 세금계산서매출 | AZ152: FALSE | BE152: FALSE | BF152: FALSE | BI152: 0 | BJ152: 0 | BK152: 61020 | BP152: 제품 | BS152: 0 | BW152: =VLOOKUP(BX152,거래처별담당자!$C:$E,3,0) -> 김화니 | BX152: =IFERROR(VLOOKUP(M152, 할인점점포등록!E:I, 5, 0), M152) -> 세화약품(부산)
C153: TRUE | E153: 제약사업부 | F153: 202609010027 | G153: 2026-09-01 | H153: 내수 | I153: 판매출고 | J153: CSO팀 | K153: 김화니 | L153: 세화약품(부산) | M153: 세화약품(부산) | O153: 607-81-14022 | P153: 세화약품(부산) | R153: FALSE | S153: OKPLC300B | T153: 케플라캡슐250밀리그램(세파클러수화물) | U153: 300 | V153: 위탁 | W153: 위탁_내용고형제 | X153: 위탁_경질캡슐 | Z153: EA | AA153: 111600 | AB153: 100440 | AC153: 5 | AD153: TRUE | AE153: 10 | AF153: KRW | AG153: 1 | AH153: 100440 | AI153: 456545 | AJ153: 45655 | AK153: 502200 | AL153: 456545 | AM153: 45655 | AN153: 502200 | AP153: EA | AQ153: 5 | AR153: PICO 출고창고 | AS153: 25002 | AT153: FALSE | AU153: 작성(미확정) | AW153: PICO | AY153: 세금계산서매출 | AZ153: FALSE | BE153: FALSE | BF153: FALSE | BI153: 0 | BJ153: 0 | BK153: 502200 | BP153: 제품 | BS153: 0 | BW153: =VLOOKUP(BX153,거래처별담당자!$C:$E,3,0) -> 김화니 | BX153: =IFERROR(VLOOKUP(M153, 할인점점포등록!E:I, 5, 0), M153) -> 세화약품(부산)
C154: TRUE | E154: 제약사업부 | F154: 202609010027 | G154: 2026-09-01 | H154: 내수 | I154: 판매출고 | J154: CSO팀 | K154: 김화니 | L154: 세화약품(부산) | M154: 세화약품(부산) | O154: 607-81-14022 | P154: 세화약품(부산) | R154: FALSE | S154: OTRTT500B | T154: 트리탄정150밀리그램(트리메부틴말레산염) | U154: 500 | V154: 위탁 | W154: 위탁_내용고형제 | X154: 위탁_정제 | Z154: EA | AA154: 51500 | AB154: 46350 | AC154: 5 | AD154: TRUE | AE154: 10 | AF154: KRW | AG154: 1 | AH154: 46350 | AI154: 210682 | AJ154: 21068 | AK154: 231750 | AL154: 210682 | AM154: 21068 | AN154: 231750 | AP154: EA | AQ154: 5 | AR154: PICO 출고창고 | AS154: 25004A | AT154: FALSE | AU154: 작성(미확정) | AW154: PICO | AY154: 세금계산서매출 | AZ154: FALSE | BE154: FALSE | BF154: FALSE | BI154: 0 | BJ154: 0 | BK154: 231750 | BP154: 제품 | BS154: 0 | BW154: =VLOOKUP(BX154,거래처별담당자!$C:$E,3,0) -> 김화니 | BX154: =IFERROR(VLOOKUP(M154, 할인점점포등록!E:I, 5, 0), M154) -> 세화약품(부산)
C155: TRUE | E155: 제약사업부 | F155: 202609010027 | G155: 2026-09-01 | H155: 내수 | I155: 판매출고 | J155: CSO팀 | K155: 김화니 | L155: 세화약품(부산) | M155: 세화약품(부산) | O155: 607-81-14022 | P155: 세화약품(부산) | R155: FALSE | S155: OPTMT004P | T155: 팩타민디쓰리정25000아이유(콜레칼시페롤농축분말) | U155: 4 | V155: 위탁 | W155: 위탁_내용고형제 | X155: 위탁_정제 | Z155: EA | AA155: 23200 | AB155: 20880 | AC155: 10 | AD155: TRUE | AE155: 10 | AF155: KRW | AG155: 1 | AH155: 20880 | AI155: 189818 | AJ155: 18982 | AK155: 208800 | AL155: 189818 | AM155: 18982 | AN155: 208800 | AP155: EA | AQ155: 10 | AR155: PICO 출고창고 | AS155: 26001 | AT155: FALSE | AU155: 작성(미확정) | AW155: PICO | AY155: 세금계산서매출 | AZ155: FALSE | BE155: FALSE | BF155: FALSE | BI155: 0 | BJ155: 0 | BK155: 208800 | BP155: 제품 | BS155: 0 | BW155: =VLOOKUP(BX155,거래처별담당자!$C:$E,3,0) -> 김화니 | BX155: =IFERROR(VLOOKUP(M155, 할인점점포등록!E:I, 5, 0), M155) -> 세화약품(부산)
C156: TRUE | E156: 제약사업부 | F156: 202609010027 | G156: 2026-09-01 | H156: 내수 | I156: 판매출고 | J156: CSO팀 | K156: 김화니 | L156: 세화약품(부산) | M156: 세화약품(부산) | O156: 607-81-14022 | P156: 세화약품(부산) | R156: FALSE | S156: CPRCC100B | T156: 프레칸캡슐50밀리그램(프레가발린) | U156: 100 | V156: 상품 | W156: 상품_내용고형제 | X156: 상품_경질캡슐 | Z156: EA | AA156: 37300 | AB156: 33570 | AC156: 5 | AD156: TRUE | AE156: 10 | AF156: KRW | AG156: 1 | AH156: 33570 | AI156: 152591 | AJ156: 15259 | AK156: 167850 | AL156: 152591 | AM156: 15259 | AN156: 167850 | AP156: EA | AQ156: 5 | AR156: PICO 출고창고 | AS156: 26001 | AT156: FALSE | AU156: 작성(미확정) | AW156: PICO | AY156: 세금계산서매출 | AZ156: FALSE | BE156: FALSE | BF156: FALSE | BI156: 0 | BJ156: 0 | BK156: 167850 | BP156: 상품 | BS156: 0 | BW156: =VLOOKUP(BX156,거래처별담당자!$C:$E,3,0) -> 김화니 | BX156: =IFERROR(VLOOKUP(M156, 할인점점포등록!E:I, 5, 0), M156) -> 세화약품(부산)
C157: TRUE | E157: 제약사업부 | F157: 202609010027 | G157: 2026-09-01 | H157: 내수 | I157: 판매출고 | J157: CSO팀 | K157: 김화니 | L157: 세화약품(부산) | M157: 세화약품(부산) | O157: 607-81-14022 | P157: 세화약품(부산) | R157: FALSE | S157: PMSDT021P | T157: 맥세렌디정 | U157: 21 | V157: 자사 | W157: 자사_내용고형제 | X157: 자사_정제 | Z157: EA | AA157: 25200 | AB157: 22680 | AC157: 50 | AD157: TRUE | AE157: 10 | AF157: KRW | AG157: 1 | AH157: 22680 | AI157: 1030909 | AJ157: 103091 | AK157: 1134000 | AL157: 1030909 | AM157: 103091 | AN157: 1134000 | AP157: EA | AQ157: 50 | AR157: PICO 출고창고 | AS157: 26003 | AT157: FALSE | AU157: 작성(미확정) | AW157: PICO | AY157: 세금계산서매출 | AZ157: FALSE | BE157: FALSE | BF157: FALSE | BI157: 0 | BJ157: 0 | BK157: 1134000 | BP157: 제품 | BS157: 0 | BW157: =VLOOKUP(BX157,거래처별담당자!$C:$E,3,0) -> 김화니 | BX157: =IFERROR(VLOOKUP(M157, 할인점점포등록!E:I, 5, 0), M157) -> 세화약품(부산)
C158: TRUE | E158: 제약사업부 | F158: 202609010027 | G158: 2026-09-01 | H158: 내수 | I158: 판매출고 | J158: CSO팀 | K158: 김화니 | L158: 세화약품(부산) | M158: 세화약품(부산) | O158: 607-81-14022 | P158: 세화약품(부산) | R158: FALSE | S158: PMCCT300B | T158: 맥씨정(레보세티리진염산염) | U158: 300 | V158: 자사 | W158: 자사_내용고형제 | X158: 자사_정제 | Z158: EA | AA158: 61500 | AB158: 55350 | AC158: 10 | AD158: TRUE | AE158: 10 | AF158: KRW | AG158: 1 | AH158: 55350 | AI158: 503182 | AJ158: 50318 | AK158: 553500 | AL158: 503182 | AM158: 50318 | AN158: 553500 | AP158: EA | AQ158: 10 | AR158: PICO 출고창고 | AS158: 24011 | AT158: FALSE | AU158: 작성(미확정) | AW158: PICO | AY158: 세금계산서매출 | AZ158: FALSE | BE158: FALSE | BF158: FALSE | BI158: 0 | BJ158: 0 | BK158: 553500 | BP158: 제품 | BS158: 0 | BW158: =VLOOKUP(BX158,거래처별담당자!$C:$E,3,0) -> 김화니 | BX158: =IFERROR(VLOOKUP(M158, 할인점점포등록!E:I, 5, 0), M158) -> 세화약품(부산)
C159: TRUE | E159: 제약사업부 | F159: 202609010027 | G159: 2026-09-01 | H159: 내수 | I159: 판매출고 | J159: CSO팀 | K159: 김화니 | L159: 세화약품(부산) | M159: 세화약품(부산) | O159: 607-81-14022 | P159: 세화약품(부산) | R159: FALSE | S159: OACNT100P | T159: 아클라온정375밀리그램(아목시실린-클라불란산칼륨(2:1)) | U159: 100 | V159: 위탁 | W159: 위탁_내용고형제 | X159: 위탁_정제 | Z159: EA | AA159: 30000 | AB159: 27000 | AC159: 10 | AD159: TRUE | AE159: 10 | AF159: KRW | AG159: 1 | AH159: 27000 | AI159: 245455 | AJ159: 24545 | AK159: 270000 | AL159: 245455 | AM159: 24545 | AN159: 270000 | AP159: EA | AQ159: 10 | AR159: PICO 출고창고 | AS159: 25003 | AT159: FALSE | AU159: 작성(미확정) | AW159: PICO | AY159: 세금계산서매출 | AZ159: FALSE | BE159: FALSE | BF159: FALSE | BI159: 0 | BJ159: 0 | BK159: 270000 | BP159: 제품 | BS159: 0 | BW159: =VLOOKUP(BX159,거래처별담당자!$C:$E,3,0) -> 김화니 | BX159: =IFERROR(VLOOKUP(M159, 할인점점포등록!E:I, 5, 0), M159) -> 세화약품(부산)
C160: TRUE | E160: 제약사업부 | F160: 202609010027 | G160: 2026-09-01 | H160: 내수 | I160: 판매출고 | J160: CSO팀 | K160: 김화니 | L160: 세화약품(부산) | M160: 세화약품(부산) | O160: 607-81-14022 | P160: 세화약품(부산) | R160: FALSE | S160: OACOT060P | T160: 아클라온정625밀리그램(아목시실린-클라불란산칼륨(4:1)) | U160: 60 | V160: 위탁 | W160: 위탁_내용고형제 | X160: 위탁_정제 | Z160: EA | AA160: 28980 | AB160: 26082 | AC160: 10 | AD160: TRUE | AE160: 10 | AF160: KRW | AG160: 1 | AH160: 26082 | AI160: 237109 | AJ160: 23711 | AK160: 260820 | AL160: 237109 | AM160: 23711 | AN160: 260820 | AP160: EA | AQ160: 10 | AR160: PICO 출고창고 | AS160: 26001 | AT160: FALSE | AU160: 작성(미확정) | AW160: PICO | AY160: 세금계산서매출 | AZ160: FALSE | BE160: FALSE | BF160: FALSE | BI160: 0 | BJ160: 0 | BK160: 260820 | BP160: 제품 | BS160: 0 | BW160: =VLOOKUP(BX160,거래처별담당자!$C:$E,3,0) -> 김화니 | BX160: =IFERROR(VLOOKUP(M160, 할인점점포등록!E:I, 5, 0), M160) -> 세화약품(부산)
... C164: TRUE | E164: 제약사업부 | F164: 202609010027 | G164: 2026-09-01 | H164: 내수 | I164: 판매출고 | J164: CSO팀 | K164: 김화니 | L164: 세화약품(부산) | M164: 세화약품(부산) | O164: 607-81-14022 | P164: 세화약품(부산) | R164: FALSE | S164: OTRSC100B | T164: 트란사민캡슐250밀리그램(트라넥삼산) | U164: 100 | V164: 위탁 | W164: 위탁_내용고형제 | X164: 위탁_경질캡슐 | Z164: EA | AA164: 33000 | AB164: 29700 | AC164: 10 | AD164: TRUE | AE164: 10 | AF164: KRW | AG164: 1 | AH164: 29700 | AI164: 270000 | AJ164: 27000 | AK164: 297000 | AL164: 270000 | AM164: 27000 | AN164: 297000 | AP164: EA | AQ164: 10 | AR164: PICO 출고창고 | AS164: 26002A | AT164: FALSE | AU164: 작성(미확정) | AW164: PICO | AY164: 세금계산서매출 | AZ164: FALSE | BE164: FALSE | BF164: FALSE | BI164: 0 | BJ164: 0 | BK164: 297000 | BP164: 제품 | BS164: 0 | BW164: =VLOOKUP(BX164,거래처별담당자!$C:$E,3,0) -> 김화니 | BX164: =IFERROR(VLOOKUP(M164, 할인점점포등록!E:I, 5, 0), M164) -> 세화약품(부산)
C165: TRUE | E165: 제약사업부 | F165: 202609010028 | G165: 2026-09-01 | H165: 내수 | I165: 판매출고 | J165: CSO팀 | K165: 김화니 | L165: 지오영 | M165: 지오영 | O165: 109-81-78726 | P165: 경남물류 | R165: FALSE | S165: CGABC030B | T165: 가바투캡슐300밀리그램(가바펜틴) | U165: 30 | V165: 상품 | W165: 상품_내용고형제 | X165: 상품_경질캡슐 | Z165: EA | AA165: 10380 | AB165: 9342 | AC165: 20 | AD165: TRUE | AE165: 10 | AF165: KRW | AG165: 1 | AH165: 9342 | AI165: 169855 | AJ165: 16985 | AK165: 186840 | AL165: 169855 | AM165: 16985 | AN165: 186840 | AP165: EA | AQ165: 20 | AR165: PICO 출고창고 | AS165: 26001 | AT165: FALSE | AU165: 작성(미확정) | AW165: PICO | AY165: 세금계산서매출 | AZ165: FALSE | BE165: FALSE | BF165: FALSE | BI165: 0 | BJ165: 0 | BK165: 186840 | BP165: 상품 | BS165: 0 | BU165: 이대용 | BW165: =VLOOKUP(BX165,거래처별담당자!$C:$E,3,0) -> 김화니 | BX165: =IFERROR(VLOOKUP(M165, 할인점점포등록!E:I, 5, 0), M165) -> 지오영
C166: TRUE | E166: 제약사업부 | F166: 202609010028 | G166: 2026-09-01 | H166: 내수 | I166: 판매출고 | J166: CSO팀 | K166: 김화니 | L166: 지오영 | M166: 지오영 | O166: 109-81-78726 | P166: 경남물류 | R166: FALSE | S166: PBLMT030B | T166: 베리맥정10밀리그램(베포타스틴베실산염) | U166: 30 | V166: 자사 | W166: 자사_내용고형제 | X166: 자사_정제 | Z166: EA | AA166: 4440 | AB166: 3996 | AC166: 10 | AD166: TRUE | AE166: 10 | AF166: KRW | AG166: 1 | AH166: 3996 | AI166: 36327 | AJ166: 3633 | AK166: 39960 | AL166: 36327 | AM166: 3633 | AN166: 39960 | AP166: EA | AQ166: 10 | AR166: PICO 출고창고 | AS166: 25011B | AT166: FALSE | AU166: 작성(미확정) | AW166: PICO | AY166: 세금계산서매출 | AZ166: FALSE | BE166: FALSE | BF166: FALSE | BI166: 0 | BJ166: 0 | BK166: 39960 | BP166: 제품 | BS166: 0 | BU166: 이대용 | BW166: =VLOOKUP(BX166,거래처별담당자!$C:$E,3,0) -> 김화니 | BX166: =IFERROR(VLOOKUP(M166, 할인점점포등록!E:I, 5, 0), M166) -> 지오영
C167: TRUE | E167: 제약사업부 | F167: 202609010028 | G167: 2026-09-01 | H167: 내수 | I167: 판매출고 | J167: CSO팀 | K167: 김화니 | L167: 지오영 | M167: 지오영 | O167: 109-81-78726 | P167: 경남물류 | R167: FALSE | S167: OACLL001B | T167: 아클라온듀오시럽(아목시실린-클라불란산칼륨(7:1)) | U167: 1 | V167: 위탁 | W167: 위탁_내용고형제 | X167: 위탁_건조시럽 | Z167: EA | AA167: 3450 | AB167: 3105 | AC167: 40 | AD167: TRUE | AE167: 10 | AF167: KRW | AG167: 1 | AH167: 3105 | AI167: 112909 | AJ167: 11291 | AK167: 124200 | AL167: 112909 | AM167: 11291 | AN167: 124200 | AP167: EA | AQ167: 40 | AR167: PICO 출고창고 | AS167: 25001 | AT167: FALSE | AU167: 작성(미확정) | AW167: PICO | AY167: 세금계산서매출 | AZ167: FALSE | BE167: FALSE | BF167: FALSE | BI167: 0 | BJ167: 0 | BK167: 124200 | BP167: 제품 | BS167: 0 | BU167: 이대용 | BW167: =VLOOKUP(BX167,거래처별담당자!$C:$E,3,0) -> 김화니 | BX167: =IFERROR(VLOOKUP(M167, 할인점점포등록!E:I, 5, 0), M167) -> 지오영
C168: TRUE | E168: 제약사업부 | F168: 202609010028 | G168: 2026-09-01 | H168: 내수 | I168: 판매출고 | J168: CSO팀 | K168: 김화니 | L168: 지오영 | M168: 지오영 | O168: 109-81-78726 | P168: 경남물류 | R168: FALSE | S168: OEDST030B | T168: 엘도에스정(에르도스테인) | U168: 30 | V168: 위탁 | W168: 위탁_내용고형제 | X168: 위탁_정제 | Z168: EA | AA168: 5880 | AB168: 5292 | AC168: 50 | AD168: TRUE | AE168: 10 | AF168: KRW | AG168: 1 | AH168: 5292 | AI168: 240545 | AJ168: 24055 | AK168: 264600 | AL168: 240545 | AM168: 24055 | AN168: 264600 | AP168: EA | AQ168: 50 | AR168: PICO 출고창고 | AS168: 24001B | AT168: FALSE | AU168: 작성(미확정) | AW168: PICO | AY168: 세금계산서매출 | AZ168: FALSE | BE168: FALSE | BF168: FALSE | BI168: 0 | BJ168: 0 | BK168: 264600 | BP168: 제품 | BS168: 0 | BU168: 이대용 | BW168: =VLOOKUP(BX168,거래처별담당자!$C:$E,3,0) -> 김화니 | BX168: =IFERROR(VLOOKUP(M168, 할인점점포등록!E:I, 5, 0), M168) -> 지오영
...

Sheet 관리항목계정별잔액조회(전전월)
A1: 계정코드 | B1: 계정과목 | C1: 관리항목값 | D1: 이월잔액 | E1: 차변 | F1: 대변 | G1: 잔액
A2: TOTAL | D2: 67203640 | E2: 209048023 | F2: 85998456 | G2: 190253207 | H2: =B2 -> 0
A3: 1111303 | B3: 외화외상매출금 | C3: 선인인터내셔널 | D3: 33632693 | E3: -728726 | F3: 32903967 | G3: 0 | H3: =B3 -> 외화외상매출금
A4: 1111303 | B4: 외화외상매출금 | C4: TSAKHIUR TUMUR LLC | D4: 0 | E4: 0 | F4: 0 | G4: 0 | H4: =B4 -> 외화외상매출금
A5: 1111301 | B5: 국내외상매출금 | C5: (주)삼송바이오 | D5: 2268000 | E5: 1134000 | F5: 2268000 | G5: 1134000 | H5: =B5 -> 국내외상매출금 | M5: 외화가 위로 올라오게 작업
A6: 1111301 | B6: 국내외상매출금 | C6: 강릉동원약품 | D6: 879300 | E6: 2051010 | F6: 879300 | G6: 2051010 | H6: =B6 -> 국내외상매출금
A7: 1111301 | B7: 국내외상매출금 | C7: 강림약품 | D7: 0 | E7: 0 | F7: 0 | G7: 0 | H7: =B7 -> 국내외상매출금
A8: 1111301 | B8: 국내외상매출금 | C8: 강원지오영 | D8: 11694196 | E8: 12783978 | F8: 8383520 | G8: 16094654 | H8: =B8 -> 국내외상매출금
A9: 1111301 | B9: 국내외상매출금 | C9: 강원지오영(OTC) | D9: 0 | E9: 0 | F9: 1624480 | G9: -1624480 | H9: =B9 -> 국내외상매출금
A10: 1111301 | B10: 국내외상매출금 | C10: 거방약품 | D10: 0 | E10: 0 | F10: 0 | G10: 0 | H10: =B10 -> 국내외상매출금
A11: 1111301 | B11: 국내외상매출금 | C11: 경동사 | D11: 50529663 | E11: 57805581 | F11: 50529667 | G11: 57805577 | H11: =B11 -> 국내외상매출금
A12: 1111301 | B12: 국내외상매출금 | C12: 경일약품 | D12: 1342800 | E12: 2014200 | F12: 1342800 | G12: 2014200 | H12: =B12 -> 국내외상매출금
A13: 1111301 | B13: 국내외상매출금 | C13: 골드팜 | D13: 331540 | E13: 757602 | F13: 271042 | G13: 818100 | H13: =B13 -> 국내외상매출금
A14: 1111301 | B14: 국내외상매출금 | C14: 골드팜(otc) | D14: 0 | E14: 0 | F14: 60500 | G14: -60500 | H14: =B14 -> 국내외상매출금
A15: 1111301 | B15: 국내외상매출금 | C15: 광림약품 | D15: 642600 | E15: 1071000 | F15: 642600 | G15: 1071000 | H15: =B15 -> 국내외상매출금
A16: 1111301 | B16: 국내외상매출금 | C16: 광주지오팜 | D16: 3882208 | E16: 11939594 | F16: -7862332 | G16: 23684134 | H16: =B16 -> 국내외상매출금
A17: 1111301 | B17: 국내외상매출금 | C17: 광주지오팜(OTC) | D17: 0 | E17: 0 | F17: 11744540 | G17: -11744540 | H17: =B17 -> 국내외상매출금
... A210: 1111301 | B210: 국내외상매출금 | C210: GM메디칼 | D210: 0 | E210: 18414000 | F210: 0 | G210: 18414000 | H210: =B210 -> 국내외상매출금

Sheet 관리항목계정별잔액조회(전월)
A1: 계정코드 | B1: 계정과목 | C1: 관리항목값 | D1: 이월잔액 | E1: 차변 | F1: 대변 | G1: 잔액
A2: TOTAL | D2: 190253207 | E2: 187657103 | F2: 189750950 | G2: 188159360 | H2: =B2 -> 0
A3: 1111303 | B3: 외화외상매출금 | C3: 선인인터내셔널 | D3: 0 | E3: 0 | F3: 0 | G3: 0 | H3: =B3 -> 외화외상매출금
A4: 1111303 | B4: 외화외상매출금 | C4: TSAKHIUR TUMUR LLC | D4: 0 | E4: 0 | F4: 0 | G4: 0 | H4: =B4 -> 외화외상매출금
A5: 1111301 | B5: 국내외상매출금 | C5: (주)삼송바이오 | D5: 1134000 | E5: 0 | F5: 1134000 | G5: 0 | H5: =B5 -> 국내외상매출금 | K5: 외화가 위로 올라오게 작업
A6: 1111301 | B6: 국내외상매출금 | C6: 365단아약국 | D6: 0 | E6: 48000 | F6: 0 | G6: 48000 | H6: =B6 -> 국내외상매출금
A7: 1111301 | B7: 국내외상매출금 | C7: 강릉동원약품 | D7: 2051010 | E7: 1121364 | F7: 2051010 | G7: 1121364 | H7: =B7 -> 국내외상매출금
A8: 1111301 | B8: 국내외상매출금 | C8: 강림약품 | D8: 0 | E8: 0 | F8: 0 | G8: 0 | H8: =B8 -> 국내외상매출금
A9: 1111301 | B9: 국내외상매출금 | C9: 강원지오영 | D9: 16094654 | E9: 9425934 | F9: 14470184 | G9: 11050404 | H9: =B9 -> 국내외상매출금
A10: 1111301 | B10: 국내외상매출금 | C10: 강원지오영(OTC) | D10: -1624480 | E10: 0 | F10: 0 | G10: -1624480 | H10: =B10 -> 국내외상매출금
A11: 1111301 | B11: 국내외상매출금 | C11: 거방약품 | D11: 0 | E11: 0 | F11: 0 | G11: 0 | H11: =B11 -> 국내외상매출금
A12: 1111301 | B12: 국내외상매출금 | C12: 건대365알찬약국 | D12: 0 | E12: 48000 | F12: 0 | G12: 48000 | H12: =B12 -> 국내외상매출금
A13: 1111301 | B13: 국내외상매출금 | C13: 경동사 | D13: 57805577 | E13: 47276028 | F13: 57805581 | G13: 47276024 | H13: =B13 -> 국내외상매출금
A14: 1111301 | B14: 국내외상매출금 | C14: 경일약품 | D14: 2014200 | E14: 1678500 | F14: 2014200 | G14: 1678500 | H14: =B14 -> 국내외상매출금
A15: 1111301 | B15: 국내외상매출금 | C15: 골드팜 | D15: 818100 | E15: 572400 | F15: 757602 | G15: 632898 | H15: =B15 -> 국내외상매출금
A16: 1111301 | B16: 국내외상매출금 | C16: 골드팜(otc) | D16: -60500 | E16: 0 | F16: 0 | G16: -60500 | H16: =B16 -> 국내외상매출금
A17: 1111301 | B17: 국내외상매출금 | C17: 광림약품 | D17: 1071000 | E17: 0 | F17: 1071000 | G17: 0 | H17: =B17 -> 국내외상매출금
... A217: 1111301 | B217: 국내외상매출금 | C217: GM메디칼 | D217: 18414000 | E217: 18480000 | F217: 18414000 | G217: 18480000 | H217: =B217 -> 국내외상매출금

Sheet 부서별전표작성조회
B1: 전표분개유형 | C1: 기표번호 | D1: 행번호 | E1: 전표번호 | F1: 계정과목 | G1: 비용구분 | H1: 적요 | I1: 차변금액 | J1: 대변금액 | K1: 통화 | L1: 환율 | M1: 외화차변금액 | N1: 외화대변금액 | O1: 기표자 | P1: 최종반제일 | Q1: 반제건수 | R1: 반제금액 | S1: 반제잔액 | T1: 전표종류그룹 | U1: 기표일 | V1: 승인일 | W1: 활동센터 | X1: 전자결재진행상태 | Y1: 거래처사업자번호 | Z1: 출납방법 | AA1: 출납예정일 | AB1: 관리항목1 | AC1: 관리항목2 | AD1: 관리항목3 | AE1: 관리항목4 | AF1: 관리항목5 | AG1: 거래처변경 | AH1: * 전월 기준 조회
B2: TOTAL | I2: 7926308098 | J2: 7926308098 | AG2: =IFERROR(VLOOKUP(AB2, 할인점점포등록!E:I, 5, 0), AB2) -> 0
B3: 일반분개전표(GAAP_IFRS) | C3: A0--20260803-0019 | D3: 001 | F3: 접대비 | G3: 판관 | H3: 제이팜 미팅 | I3: 5000 | J3: 0 | L3: 0 | M3: 0 | N3: 0 | O3: 이운범 | Q3: 0 | R3: 0 | S3: 0 | T3: 일반관리 | U3: 2026-08-03 | W3: CMO팀 | AG3: =IFERROR(VLOOKUP(AB3, 할인점점포등록!E:I, 5, 0), AB3)
B4: 일반분개전표(GAAP_IFRS) | C4: A0--20260803-0019 | D4: 002 | F4: 미지급금/카드 | H4: 제이팜 미팅 | I4: 0 | J4: 5000 | L4: 0 | M4: 0 | N4: 0 | O4: 이운범 | Q4: 0 | R4: 0 | S4: 0 | T4: 일반관리 | U4: 2026-08-03 | W4: CMO팀 | AB4: 6250-0327-5234-8984 | AF4: 0 | AG4: =IFERROR(VLOOKUP(AB4, 할인점점포등록!E:I, 5, 0), AB4) -> 6250-0327-5234-8984
B5: 일반분개전표(GAAP_IFRS) | C5: A0--20260803-0019 | D5: 003 | F5: 접대비 | G5: 판관 | H5: 아주약품 미팅 | I5: 59000 | J5: 0 | L5: 0 | M5: 0 | N5: 0 | O5: 이운범 | Q5: 0 | R5: 0 | S5: 0 | T5: 일반관리 | U5: 2026-08-03 | W5: CMO팀 | AG5: =IFERROR(VLOOKUP(AB5, 할인점점포등록!E:I, 5, 0), AB5)
B6: 일반분개전표(GAAP_IFRS) | C6: A0--20260803-0019 | D6: 004 | F6: 미지급금/카드 | H6: 아주약품 미팅 | I6: 0 | J6: 59000 | L6: 0 | M6: 0 | N6: 0 | O6: 이운범 | Q6: 0 | R6: 0 | S6: 0 | T6: 일반관리 | U6: 2026-08-03 | AB6: 6250-0327-5234-8984 | AG6: =IFERROR(VLOOKUP(AB6, 할인점점포등록!E:I, 5, 0), AB6) -> 6250-0327-5234-8984
B7: 일반분개전표(GAAP_IFRS) | C7: A0--20260803-0019 | D7: 005 | F7: 접대비 | G7: 판관 | H7: 아주약품 미팅 | I7: 18600 | J7: 0 | L7: 0 | M7: 0 | N7: 0 | O7: 이운범 | Q7: 0 | R7: 0 | S7: 0 | T7: 일반관리 | U7: 2026-08-03 | W7: CMO팀 | AF7: 0 | AG7: =IFERROR(VLOOKUP(AB7, 할인점점포등록!E:I, 5, 0), AB7)
B8: 일반분개전표(GAAP_IFRS) | C8: A0--20260803-0019 | D8: 006 | F8: 미지급금/카드 | H8: 아주약품 미팅 | I8: 0 | J8: 18600 | L8: 0 | M8: 0 | N8: 0 | O8: 이운범 | Q8: 0 | R8: 0 | S8: 0 | T8: 일반관리 | U8: 2026-08-03 | AB8: 6250-0327-5234-8984 | AG8: =IFERROR(VLOOKUP(AB8, 할인점점포등록!E:I, 5, 0), AB8) -> 6250-0327-5234-8984
B9: 일반분개전표(GAAP_IFRS) | C9: A0--20260804-0009 | D9: 001 | F9: 접대비 | G9: 판관 | H9: 커피 판촉물 구매 | I9: 25320 | J9: 0 | L9: 0 | M9: 0 | N9: 0 | O9: 이운범 | Q9: 0 | R9: 0 | S9: 0 | T9: 일반관리 | U9: 2026-08-04 | W9: CMO팀 | AG9: =IFERROR(VLOOKUP(AB9, 할인점점포등록!E:I, 5, 0), AB9)
B10: 일반분개전표(GAAP_IFRS) | C10: A0--20260804-0009 | D10: 002 | F10: 미지급금/카드 | H10: 커피 판촉물 구매 | I10: 0 | J10: 25320 | L10: 0 | M10: 0 | N10: 0 | O10: 이운범 | Q10: 0 | R10: 0 | S10: 0 | T10: 일반관리 | U10: 2026-08-04 | AB10: 6250-0327-5234-8984 | AF10: 0 | AG10: =IFERROR(VLOOKUP(AB10, 할인점점포등록!E:I, 5, 0), AB10) -> 6250-0327-5234-8984
B11: 일반분개전표(GAAP_IFRS) | C11: A0--20260804-0009 | D11: 003 | F11: 접대비 | G11: 판관 | H11: 커피 판촉물 구매 | I11: 20280 | J11: 0 | L11: 0 | M11: 0 | N11: 0 | O11: 이운범 | Q11: 0 | R11: 0 | S11: 0 | T11: 일반관리 | U11: 2026-08-04 | W11: CMO팀 | AG11: =IFERROR(VLOOKUP(AB11, 할인점점포등록!E:I, 5, 0), AB11)
B12: 일반분개전표(GAAP_IFRS) | C12: A0--20260804-0009 | D12: 004 | F12: 미지급금/카드 | H12: 커피 판촉물 구매 | I12: 0 | J12: 20280 | L12: 0 | M12: 0 | N12: 0 | O12: 이운범 | Q12: 0 | R12: 0 | S12: 0 | T12: 일반관리 | U12: 2026-08-04 | AB12: 6250-0327-5234-8984 | AG12: =IFERROR(VLOOKUP(AB12, 할인점점포등록!E:I, 5, 0), AB12) -> 6250-0327-5234-8984
B13: 일반분개전표(GAAP_IFRS) | C13: A0--20260805-0012 | D13: 001 | F13: 접대비 | G13: 판관 | H13: 알보젠 미팅 | I13: 145000 | J13: 0 | L13: 0 | M13: 0 | N13: 0 | O13: 이운범 | Q13: 0 | R13: 0 | S13: 0 | T13: 일반관리 | U13: 2026-08-05 | W13: CMO팀 | AG13: =IFERROR(VLOOKUP(AB13, 할인점점포등록!E:I, 5, 0), AB13)
B14: 일반분개전표(GAAP_IFRS) | C14: A0--20260805-0012 | D14: 002 | F14: 미지급금/카드 | H14: 알보젠 미팅 | I14: 0 | J14: 145000 | L14: 0 | M14: 0 | N14: 0 | O14: 이운범 | Q14: 0 | R14: 0 | S14: 0 | T14: 일반관리 | U14: 2026-08-05 | AB14: 6250-0327-5234-8984 | AF14: 0 | AG14: =IFERROR(VLOOKUP(AB14, 할인점점포등록!E:I, 5, 0), AB14) -> 6250-0327-5234-8984
B15: 일반분개전표(GAAP_IFRS) | C15: A0--20260806-0014 | D15: 001 | F15: 접대비 | G15: 판관 | H15: 중헌제약 미팅 | I15: 88000 | J15: 0 | L15: 0 | M15: 0 | N15: 0 | O15: 이운범 | Q15: 0 | R15: 0 | S15: 0 | T15: 일반관리 | U15: 2026-08-06 | W15: CMO팀 | AG15: =IFERROR(VLOOKUP(AB15, 할인점점포등록!E:I, 5, 0), AB15)
B16: 일반분개전표(GAAP_IFRS) | C16: A0--20260806-0014 | D16: 002 | F16: 미지급금/카드 | H16: 중헌제약 미팅 | I16: 0 | J16: 88000 | L16: 0 | M16: 0 | N16: 0 | O16: 이운범 | Q16: 0 | R16: 0 | S16: 0 | T16: 일반관리 | U16: 2026-08-06 | AB16: 6250-0327-5234-8984 | AG16: =IFERROR(VLOOKUP(AB16, 할인점점포등록!E:I, 5, 0), AB16) -> 6250-0327-5234-8984
B17: 일반분개전표(GAAP_IFRS) | C17: A0--20260807-0011 | D17: 001 | F17: 접대비 | G17: 판관 | H17: 라이트팜텍 미팅 | I17: 50000 | J17: 0 | L17: 0 | M17: 0 | N17: 0 | O17: 이운범 | Q17: 0 | R17: 0 | S17: 0 | T17: 일반관리 | U17: 2026-08-07 | W17: CMO팀 | AG17: =IFERROR(VLOOKUP(AB17, 할인점점포등록!E:I, 5, 0), AB17)
B18: 일반분개전표(GAAP_IFRS) | C18: A0--20260807-0011 | D18: 002 | F18: 미지급금/카드 | H18: 라이트팜텍 미팅 | I18: 0 | J18: 50000 | L18: 0 | M18: 0 | N18: 0 | O18: 이운범 | Q18: 0 | R18: 0 | S18: 0 | T18: 일반관리 | U18: 2026-08-07 | AB18: 6250-0327-5234-8984 | AF18: 0 | AG18: =IFERROR(VLOOKUP(AB18, 할인점점포등록!E:I, 5, 0), AB18) -> 6250-0327-5234-8984
B19: 일반분개전표(GAAP_IFRS) | C19: A0--20260807-0011 | D19: 003 | F19: 접대비 | G19: 판관 | H19: 이에스포리움 미팅 | I19: 61000 | J19: 0 | L19: 0 | M19: 0 | N19: 0 | O19: 이운범 | Q19: 0 | R19: 0 | S19: 0 | T19: 일반관리 | U19: 2026-08-07 | W19: CMO팀 | AG19: =IFERROR(VLOOKUP(AB19, 할인점점포등록!E:I, 5, 0), AB19)
B20: 일반분개전표(GAAP_IFRS) | C20: A0--20260807-0011 | D20: 004 | F20: 미지급금/카드 | H20: 이에스포리움 미팅 | I20: 0 | J20: 61000 | L20: 0 | M20: 0 | N20: 0 | O20: 이운범 | Q20: 0 | R20: 0 | S20: 0 | T20: 일반관리 | U20: 2026-08-07 | AB20: 6250-0327-5234-8984 | AG20: =IFERROR(VLOOKUP(AB20, 할인점점포등록!E:I, 5, 0), AB20) -> 6250-0327-5234-8984
B21: 일반분개전표(GAAP_IFRS) | C21: A0--20260807-0011 | D21: 005 | F21: 여비교통비/국내 | G21: 판관 | H21: 주유비 | I21: 60000 | J21: 0 | L21: 0 | M21: 0 | N21: 0 | O21: 이운범 | Q21: 0 | R21: 0 | S21: 0 | T21: 일반관리 | U21: 2026-08-07 | W21: CMO팀 | AG21: =IFERROR(VLOOKUP(AB21, 할인점점포등록!E:I, 5, 0), AB21)
B22: 일반분개전표(GAAP_IFRS) | C22: A0--20260807-0011 | D22: 006 | F22: 미지급금/카드 | H22: 주유비 | I22: 0 | J22: 60000 | L22: 0 | M22: 0 | N22: 0 | O22: 이운범 | Q22: 0 | R22: 0 | S22: 0 | T22: 일반관리 | U22: 2026-08-07 | AB22: 6250-0327-5234-8984 | AG22: =IFERROR(VLOOKUP(AB22, 할인점점포등록!E:I, 5, 0), AB22) -> 6250-0327-5234-8984
B23: 일반분개전표(GAAP_IFRS) | C23: A0--20260810-0032 | D23: 001 | F23: 접대비 | G23: 판관 | H23: 바로팜 미팅 | I23: 42800 | J23: 0 | L23: 0 | M23: 0 | N23: 0 | O23: 이운범 | Q23: 0 | R23: 0 | S23: 0 | T23: 일반관리 | U23: 2026-08-10 | W23: CMO팀 | AG23: =IFERROR(VLOOKUP(AB23, 할인점점포등록!E:I, 5, 0), AB23)
B24: 일반분개전표(GAAP_IFRS) | C24: A0--20260810-0032 | D24: 002 | F24: 미지급금/카드 | H24: 바로팜 미팅 | I24: 0 | J24: 42800 | L24: 0 | M24: 0 | N24: 0 | O24: 이운범 | Q24: 0 | R24: 0 | S24: 0 | T24: 일반관리 | U24: 2026-08-10 | AB24: 6250-0327-5234-8984 | AG24: =IFERROR(VLOOKUP(AB24, 할인점점포등록!E:I, 5, 0), AB24) -> 6250-0327-5234-8984
B25: 일반분개전표(GAAP_IFRS) | C25: A0--20260810-0032 | D25: 003 | F25: 여비교통비/국내 | G25: 판관 | H25: 주차비 | I25: 16000 | J25: 0 | L25: 0 | M25: 0 | N25: 0 | O25: 이운범 | Q25: 0 | R25: 0 | S25: 0 | T25: 일반관리 | U25: 2026-08-10 | W25: CMO팀 | AG25: =IFERROR(VLOOKUP(AB25, 할인점점포등록!E:I, 5, 0), AB25)
B26: 일반분개전표(GAAP_IFRS) | C26: A0--20260810-0032 | D26: 004 | F26: 미지급금/카드 | H26: 주차비 | I26: 0 | J26: 16000 | L26: 0 | M26: 0 | N26: 0 | O26: 이운범 | Q26: 0 | R26: 0 | S26: 0 | T26: 일반관리 | U26: 2026-08-10 | AB26: 6250-0327-5234-8984 | AG26: =IFERROR(VLOOKUP(AB26, 할인점점포등록!E:I, 5, 0), AB26) -> 6250-0327-5234-8984
B27: 일반분개전표(GAAP_IFRS) | C27: A0--20260810-0032 | D27: 005 | F27: 접대비 | G27: 판관 | H27: 파믹스 미팅 | I27: 36500 | J27: 0 | L27: 0 | M27: 0 | N27: 0 | O27: 이운범 | Q27: 0 | R27: 0 | S27: 0 | T27: 일반관리 | U27: 2026-08-10 | W27: CMO팀 | AG27: =IFERROR(VLOOKUP(AB27, 할인점점포등록!E:I, 5, 0), AB27)
B28: 일반분개전표(GAAP_IFRS) | C28: A0--20260810-0032 | D28: 006 | F28: 미지급금/카드 | H28: 파믹스 미팅 | I28: 0 | J28: 36500 | L28: 0 | M28: 0 | N28: 0 | O28: 이운범 | Q28: 0 | R28: 0 | S28: 0 | T28: 일반관리 | U28: 2026-08-10 | AB28: 6250-0327-5234-8984 | AG28: =IFERROR(VLOOKUP(AB28, 할인점점포등록!E:I, 5, 0), AB28) -> 6250-0327-5234-8984
B29: 일반분개전표(GAAP_IFRS) | C29: A0--20260812-0013 | D29: 001 | F29: 접대비 | G29: 판관 | H29: 중헌제약 미팅 | I29: 14300 | J29: 0 | L29: 0 | M29: 0 | N29: 0 | O29: 이운범 | Q29: 0 | R29: 0 | S29: 0 | T29: 일반관리 | U29: 2026-08-12 | W29: CMO팀 | AG29: =IFERROR(VLOOKUP(AB29, 할인점점포등록!E:I, 5, 0), AB29)
B30: 일반분개전표(GAAP_IFRS) | C30: A0--20260812-0013 | D30: 002 | F30: 미지급금/카드 | H30: 중헌제약 미팅 | I30: 0 | J30: 14300 | L30: 0 | M30: 0 | N30: 0 | O30: 이운범 | Q30: 0 | R30: 0 | S30: 0 | T30: 일반관리 | U30: 2026-08-12 | AB30: 6250-0327-5234-8984 | AG30: =IFERROR(VLOOKUP(AB30, 할인점점포등록!E:I, 5, 0), AB30) -> 6250-0327-5234-8984
B31: 일반분개전표(GAAP_IFRS) | C31: A0--20260812-0013 | D31: 003 | F31: 여비교통비/국내 | G31: 판관 | H31: 주차비 | I31: 6600 | J31: 0 | L31: 0 | M31: 0 | N31: 0 | O31: 이운범 | Q31: 0 | R31: 0 | S31: 0 | T31: 일반관리 | U31: 2026-08-12 | W31: CMO팀 | AG31: =IFERROR(VLOOKUP(AB31, 할인점점포등록!E:I, 5, 0), AB31)
B32: 일반분개전표(GAAP_IFRS) | C32: A0--20260812-0013 | D32: 004 | F32: 미지급금/카드 | H32: 주차비 | I32: 0 | J32: 6600 | L32: 0 | M32: 0 | N32: 0 | O32: 이운범 | Q32: 0 | R32: 0 | S32: 0 | T32: 일반관리 | U32: 2026-08-12 | AB32: 6250-0327-5234-8984 | AG32: =IFERROR(VLOOKUP(AB32, 할인점점포등록!E:I, 5, 0), AB32) -> 6250-0327-5234-8984
B33: 일반분개전표(GAAP_IFRS) | C33: A0--20260812-0013 | D33: 005 | F33: 여비교통비/국내 | G33: 판관 | H33: 주유비 | I33: 60000 | J33: 0 | L33: 0 | M33: 0 | N33: 0 | O33: 이운범 | Q33: 0 | R33: 0 | S33: 0 | T33: 일반관리 | U33: 2026-08-12 | W33: CMO팀 | AG33: =IFERROR(VLOOKUP(AB33, 할인점점포등록!E:I, 5, 0), AB33)
B34: 일반분개전표(GAAP_IFRS) | C34: A0--20260812-0013 | D34: 006 | F34: 미지급금/카드 | H34: 주유비 | I34: 0 | J34: 60000 | L34: 0 | M34: 0 | N34: 0 | O34: 이운범 | Q34: 0 | R34: 0 | S34: 0 | T34: 일반관리 | U34: 2026-08-12 | AB34: 6250-0327-5234-8984 | AG34: =IFERROR(VLOOKUP(AB34, 할인점점포등록!E:I, 5, 0), AB34) -> 6250-0327-5234-8984
B35: 일반분개전표(GAAP_IFRS) | C35: A0--20260813-0013 | D35: 001 | F35: 접대비 | G35: 판관 | H35: 영일제약 미팅 | I35: 36000 | J35: 0 | L35: 0 | M35: 0 | N35: 0 | O35: 이운범 | Q35: 0 | R35: 0 | S35: 0 | T35: 일반관리 | U35: 2026-08-13 | W35: CMO팀 | AG35: =IFERROR(VLOOKUP(AB35, 할인점점포등록!E:I, 5, 0), AB35)
B36: 일반분개전표(GAAP_IFRS) | C36: A0--20260813-0013 | D36: 002 | F36: 미지급금/카드 | H36: 영일제약 미팅 | I36: 0 | J36: 36000 | L36: 0 | M36: 0 | N36: 0 | O36: 이운범 | Q36: 0 | R36: 0 | S36: 0 | T36: 일반관리 | U36: 2026-08-13 | AB36: 6250-0327-5234-8984 | AG36: =IFERROR(VLOOKUP(AB36, 할인점점포등록!E:I, 5, 0), AB36) -> 6250-0327-5234-8984
B37: 일반분개전표(GAAP_IFRS) | C37: A0--20260813-0013 | D37: 003 | F37: 접대비 | G37: 판관 | H37: 새로팜 미팅 | I37: 8500 | J37: 0 | L37: 0 | M37: 0 | N37: 0 | O37: 이운범 | Q37: 0 | R37: 0 | S37: 0 | T37: 일반관리 | U37: 2026-08-13 | W37: CMO팀 | AG37: =IFERROR(VLOOKUP(AB37, 할인점점포등록!E:I, 5, 0), AB37)
B38: 일반분개전표(GAAP_IFRS) | C38: A0--20260813-0013 | D38: 004 | F38: 미지급금/카드 | H38: 새로팜 미팅 | I38: 0 | J38: 8500 | L38: 0 | M38: 0 | N38: 0 | O38: 이운범 | Q38: 0 | R38: 0 | S38: 0 | T38: 일반관리 | U38: 2026-08-13 | AB38: 6250-0327-5234-8984 | AG38: =IFERROR(VLOOKUP(AB38, 할인점점포등록!E:I, 5, 0), AB38) -> 6250-0327-5234-8984
B39: 일반분개전표(GAAP_IFRS) | C39: A0--20260813-0013 | D39: 005 | F39: 접대비 | G39: 판관 | H39: 바로팜 미팅 | I39: 12700 | J39: 0 | L39: 0 | M39: 0 | N39: 0 | O39: 이운범 | Q39: 0 | R39: 0 | S39: 0 | T39: 일반관리 | U39: 2026-08-13 | W39: CMO팀 | AG39: =IFERROR(VLOOKUP(AB39, 할인점점포등록!E:I, 5, 0), AB39)
B40: 일반분개전표(GAAP_IFRS) | C40: A0--20260813-0013 | D40: 006 | F40: 미지급금/카드 | H40: 바로팜 미팅 | I40: 0 | J40: 12700 | L40: 0 | M40: 0 | N40: 0 | O40: 이운범 | Q40: 0 | R40: 0 | S40: 0 | T40: 일반관리 | U40: 2026-08-13 | AB40: 6250-0327-5234-8984 | AG40: =IFERROR(VLOOKUP(AB40, 할인점점포등록!E:I, 5, 0), AB40) -> 6250-0327-5234-8984
B41: 일반분개전표(GAAP_IFRS) | C41: A0--20260813-0013 | D41: 007 | F41: 여비교통비/국내 | G41: 판관 | H41: 주차비 | I41: 2500 | J41: 0 | L41: 0 | M41: 0 | N41: 0 | O41: 이운범 | Q41: 0 | R41: 0 | S41: 0 | T41: 일반관리 | U41: 2026-08-13 | W41: CMO팀 | AG41: =IFERROR(VLOOKUP(AB41, 할인점점포등록!E:I, 5, 0), AB41)
B42: 일반분개전표(GAAP_IFRS) | C42: A0--20260813-0013 | D42: 008 | F42: 미지급금/카드 | H42: 주차비 | I42: 0 | J42: 2500 | L42: 0 | M42: 0 | N42: 0 | O42: 이운범 | Q42: 0 | R42: 0 | S42: 0 | T42: 일반관리 | U42: 2026-08-13 | AB42: 6250-0327-5234-8984 | AG42: =IFERROR(VLOOKUP(AB42, 할인점점포등록!E:I, 5, 0), AB42) -> 6250-0327-5234-8984
B43: 일반분개전표(GAAP_IFRS) | C43: A0--20260814-0019 | D43: 001 | F43: 여비교통비/국내 | G43: 판관 | H43: 차량 오일교환 | I43: 308000 | J43: 0 | L43: 0 | M43: 0 | N43: 0 | O43: 이운범 | Q43: 0 | R43: 0 | S43: 0 | T43: 일반관리 | U43: 2026-08-14 | W43: CMO팀 | AG43: =IFERROR(VLOOKUP(AB43, 할인점점포등록!E:I, 5, 0), AB43)
B44: 일반분개전표(GAAP_IFRS) | C44: A0--20260814-0019 | D44: 002 | F44: 미지급금/카드 | H44: 차량 오일교환 | I44: 0 | J44: 308000 | L44: 0 | M44: 0 | N44: 0 | O44: 이운범 | Q44: 0 | R44: 0 | S44: 0 | T44: 일반관리 | U44: 2026-08-14 | AB44: 6250-0327-5234-8984 | AG44: =IFERROR(VLOOKUP(AB44, 할인점점포등록!E:I, 5, 0), AB44) -> 6250-0327-5234-8984
B45: 일반분개전표(GAAP_IFRS) | C45: A0--20260814-0019 | D45: 003 | F45: 여비교통비/국내 | G45: 판관 | H45: 주유비 | I45: 60000 | J45: 0 | L45: 0 | M45: 0 | N45: 0 | O45: 이운범 | Q45: 0 | R45: 0 | S45: 0 | T45: 일반관리 | U45: 2026-08-14 | W45: CMO팀 | AG45: =IFERROR(VLOOKUP(AB45, 할인점점포등록!E:I, 5, 0), AB45)
B46: 일반분개전표(GAAP_IFRS) | C46: A0--20260814-0019 | D46: 004 | F46: 미지급금/카드 | H46: 주유비 | I46: 0 | J46: 60000 | L46: 0 | M46: 0 | N46: 0 | O46: 이운범 | Q46: 0 | R46: 0 | S46: 0 | T46: 일반관리 | U46: 2026-08-14 | AB46: 6250-0327-5234-8984 | AG46: =IFERROR(VLOOKUP(AB46, 할인점점포등록!E:I, 5, 0), AB46) -> 6250-0327-5234-8984
B47: 일반분개전표(GAAP_IFRS) | C47: A0--20260814-0019 | D47: 005 | F47: 접대비 | G47: 판관 | H47: 새로팜 미팅 | I47: 83000 | J47: 0 | L47: 0 | M47: 0 | N47: 0 | O47: 이운범 | Q47: 0 | R47: 0 | S47: 0 | T47: 일반관리 | U47: 2026-08-14 | W47: CMO팀 | AG47: =IFERROR(VLOOKUP(AB47, 할인점점포등록!E:I, 5, 0), AB47)
B48: 일반분개전표(GAAP_IFRS) | C48: A0--20260814-0019 | D48: 006 | F48: 미지급금/카드 | H48: 새로팜 미팅 | I48: 0 | J48: 83000 | L48: 0 | M48: 0 | N48: 0 | O48: 이운범 | Q48: 0 | R48: 0 | S48: 0 | T48: 일반관리 | U48: 2026-08-14 | AB48: 6250-0327-5234-8984 | AG48: =IFERROR(VLOOKUP(AB48, 할인점점포등록!E:I, 5, 0), AB48) -> 6250-0327-5234-8984
B49: 일반분개전표(GAAP_IFRS) | C49: A0--20260818-0018 | D49: 001 | F49: 접대비 | G49: 판관 | H49: 제이디팜 미팅 | I49: 4000 | J49: 0 | L49: 0 | M49: 0 | N49: 0 | O49: 이운범 | Q49: 0 | R49: 0 | S49: 0 | T49: 일반관리 | U49: 2026-08-18 | W49: CMO팀 | AG49: =IFERROR(VLOOKUP(AB49, 할인점점포등록!E:I, 5, 0), AB49)
B50: 일반분개전표(GAAP_IFRS) | C50: A0--20260818-0018 | D50: 002 | F50: 미지급금/카드 | H50: 제이디팜 미팅 | I50: 0 | J50: 4000 | L50: 0 | M50: 0 | N50: 0 | O50: 이운범 | Q50: 0 | R50: 0 | S50: 0 | T50: 일반관리 | U50: 2026-08-18 | AB50: 6250-0327-5234-8984 | AG50: =IFERROR(VLOOKUP(AB50, 할인점점포등록!E:I, 5, 0), AB50) -> 6250-0327-5234-8984
B51: 일반분개전표(GAAP_IFRS) | C51: A0--20260820-0012 | D51: 001 | F51: 접대비 | G51: 판관 | H51: 농산품 판촉물 구매 | I51: 30000 | J51: 0 | L51: 0 | M51: 0 | N51: 0 | O51: 이운범 | Q51: 0 | R51: 0 | S51: 0 | T51: 일반관리 | U51: 2026-08-20 | W51: CMO팀 | AG51: =IFERROR(VLOOKUP(AB51, 할인점점포등록!E:I, 5, 0), AB51)
B52: 일반분개전표(GAAP_IFRS) | C52: A0--20260820-0012 | D52: 002 | F52: 미지급금/카드 | H52: 농산품 판촉물 구매 | I52: 0 | J52: 30000 | L52: 0 | M52: 0 | N52: 0 | O52: 이운범 | Q52: 0 | R52: 0 | S52: 0 | T52: 일반관리 | U52: 2026-08-20 | AB52: 6250-0327-5234-8984 | AG52: =IFERROR(VLOOKUP(AB52, 할인점점포등록!E:I, 5, 0), AB52) -> 6250-0327-5234-8984
B53: 일반분개전표(GAAP_IFRS) | C53: A0--20260820-0012 | D53: 003 | F53: 접대비 | G53: 판관 | H53: 녹십자 미팅 | I53: 53500 | J53: 0 | L53: 0 | M53: 0 | N53: 0 | O53: 이운범 | Q53: 0 | R53: 0 | S53: 0 | T53: 일반관리 | U53: 2026-08-20 | W53: CMO팀 | AF53: 0 | AG53: =IFERROR(VLOOKUP(AB53, 할인점점포등록!E:I, 5, 0), AB53)
B54: 일반분개전표(GAAP_IFRS) | C54: A0--20260820-0012 | D54: 004 | F54: 미지급금/카드 | H54: 녹십자 미팅 | I54: 0 | J54: 53500 | L54: 0 | M54: 0 | N54: 0 | O54: 이운범 | Q54: 0 | R54: 0 | S54: 0 | T54: 일반관리 | U54: 2026-08-20 | AB54: 6250-0327-5234-8984 | AG54: =IFERROR(VLOOKUP(AB54, 할인점점포등록!E:I, 5, 0), AB54) -> 6250-0327-5234-8984
B55: 일반분개전표(GAAP_IFRS) | C55: A0--20260821-0010 | D55: 001 | F55: 여비교통비/국내 | G55: 판관 | H55: 주유비 | I55: 70000 | J55: 0 | L55: 0 | M55: 0 | N55: 0 | O55: 이운범 | Q55: 0 | R55: 0 | S55: 0 | T55: 일반관리 | U55: 2026-08-21 | W55: CMO팀 | AG55: =IFERROR(VLOOKUP(AB55, 할인점점포등록!E:I, 5, 0), AB55)
B56: 일반분개전표(GAAP_IFRS) | C56: A0--20260821-0010 | D56: 002 | F56: 미지급금/카드 | H56: 주유비 | I56: 0 | J56: 70000 | L56: 0 | M56: 0 | N56: 0 | O56: 이운범 | Q56: 0 | R56: 0 | S56: 0 | T56: 일반관리 | U56: 2026-08-21 | AB56: 6250-0327-5234-8984 | AG56: =IFERROR(VLOOKUP(AB56, 할인점점포등록!E:I, 5, 0), AB56) -> 6250-0327-5234-8984
B57: 일반분개전표(GAAP_IFRS) | C57: A0--20260821-0010 | D57: 003 | F57: 접대비 | G57: 판관 | H57: 화산약품 미팅 | I57: 14000 | J57: 0 | L57: 0 | M57: 0 | N57: 0 | O57: 이운범 | Q57: 0 | R57: 0 | S57: 0 | T57: 일반관리 | U57: 2026-08-21 | W57: CMO팀 | AF57: 0 | AG57: =IFERROR(VLOOKUP(AB57, 할인점점포등록!E:I, 5, 0), AB57)
B58: 일반분개전표(GAAP_IFRS) | C58: A0--20260821-0010 | D58: 004 | F58: 미지급금/카드 | H58: 화산약품 미팅 | I58: 0 | J58: 14000 | L58: 0 | M58: 0 | N58: 0 | O58: 이운범 | Q58: 0 | R58: 0 | S58: 0 | T58: 일반관리 | U58: 2026-08-21 | AB58: 6250-0327-5234-8984 | AG58: =IFERROR(VLOOKUP(AB58, 할인점점포등록!E:I, 5, 0), AB58) -> 6250-0327-5234-8984
B59: 일반분개전표(GAAP_IFRS) | C59: A0--20260824-0019 | D59: 001 | F59: 접대비 | G59: 판관 | H59: 신한약품 미팅 | I59: 14800 | J59: 0 | L59: 0 | M59: 0 | N59: 0 | O59: 이운범 | Q59: 0 | R59: 0 | S59: 0 | T59: 일반관리 | U59: 2026-08-24 | W59: CMO팀 | AG59: =IFERROR(VLOOKUP(AB59, 할인점점포등록!E:I, 5, 0), AB59)
B60: 일반분개전표(GAAP_IFRS) | C60: A0--20260824-0019 | D60: 002 | F60: 미지급금/카드 | H60: 신한약품 미팅 | I60: 0 | J60: 14800 | L60: 0 | M60: 0 | N60: 0 | O60: 이운범 | Q60: 0 | R60: 0 | S60: 0 | T60: 일반관리 | U60: 2026-08-24 | AB60: 6250-0327-5234-8984 | AG60: =IFERROR(VLOOKUP(AB60, 할인점점포등록!E:I, 5, 0), AB60) -> 6250-0327-5234-8984
B61: 일반분개전표(GAAP_IFRS) | C61: A0--20260825-0010 | D61: 001 | F61: 접대비 | G61: 판관 | H61: 영풍제약 미팅 | I61: 13000 | J61: 0 | L61: 0 | M61: 0 | N61: 0 | O61: 이운범 | Q61: 0 | R61: 0 | S61: 0 | T61: 일반관리 | U61: 2026-08-25 | W61: CMO팀 | AG61: =IFERROR(VLOOKUP(AB61, 할인점점포등록!E:I, 5, 0), AB61)
B62: 일반분개전표(GAAP_IFRS) | C62: A0--20260825-0010 | D62: 002 | F62: 미지급금/카드 | H62: 영풍제약 미팅 | I62: 0 | J62: 13000 | L62: 0 | M62: 0 | N62: 0 | O62: 이운범 | Q62: 0 | R62: 0 | S62: 0 | T62: 일반관리 | U62: 2026-08-25 | AB62: 6250-0327-5234-8984 | AG62: =IFERROR(VLOOKUP(AB62, 할인점점포등록!E:I, 5, 0), AB62) -> 6250-0327-5234-8984
B63: 일반분개전표(GAAP_IFRS) | C63: A0--20260826-0032 | D63: 001 | F63: 접대비 | G63: 판관 | H63: 동성제약 미팅 | I63: 13000 | J63: 0 | L63: 0 | M63: 0 | N63: 0 | O63: 이운범 | Q63: 0 | R63: 0 | S63: 0 | T63: 일반관리 | U63: 2026-08-26 | W63: CMO팀 | AG63: =IFERROR(VLOOKUP(AB63, 할인점점포등록!E:I, 5, 0), AB63)
B64: 일반분개전표(GAAP_IFRS) | C64: A0--20260826-0032 | D64: 002 | F64: 미지급금/카드 | H64: 동성제약 미팅 | I64: 0 | J64: 13000 | L64: 0 | M64: 0 | N64: 0 | O64: 이운범 | Q64: 0 | R64: 0 | S64: 0 | T64: 일반관리 | U64: 2026-08-26 | AB64: 6250-0327-5234-8984 | AG64: =IFERROR(VLOOKUP(AB64, 할인점점포등록!E:I, 5, 0), AB64) -> 6250-0327-5234-8984
B65: 일반분개전표(GAAP_IFRS) | C65: A0--20260828-0015 | D65: 001 | F65: 접대비 | G65: 판관 | H65: 영일제약 미팅 | I65: 21000 | J65: 0 | L65: 0 | M65: 0 | N65: 0 | O65: 이운범 | Q65: 0 | R65: 0 | S65: 0 | T65: 일반관리 | U65: 2026-08-28 | W65: CMO팀 | AG65: =IFERROR(VLOOKUP(AB65, 할인점점포등록!E:I, 5, 0), AB65)
B66: 일반분개전표(GAAP_IFRS) | C66: A0--20260828-0015 | D66: 002 | F66: 미지급금/카드 | H66: 영일제약 미팅 | I66: 0 | J66: 21000 | L66: 0 | M66: 0 | N66: 0 | O66: 이운범 | Q66: 0 | R66: 0 | S66: 0 | T66: 일반관리 | U66: 2026-08-28 | AB66: 6250-0327-5234-8984 | AG66: =IFERROR(VLOOKUP(AB66, 할인점점포등록!E:I, 5, 0), AB66) -> 6250-0327-5234-8984
B67: 일반분개전표(GAAP_IFRS) | C67: A0--20260828-0015 | D67: 003 | F67: 여비교통비/국내 | G67: 판관 | H67: 영일제약 미팅 | I67: 60000 | J67: 0 | L67: 0 | M67: 0 | N67: 0 | O67: 이운범 | Q67: 0 | R67: 0 | S67: 0 | T67: 일반관리 | U67: 2026-08-28 | W67: CMO팀 | AG67: =IFERROR(VLOOKUP(AB67, 할인점점포등록!E:I, 5, 0), AB67)
B68: 일반분개전표(GAAP_IFRS) | C68: A0--20260828-0015 | D68: 004 | F68: 미지급금/카드 | H68: 영일제약 미팅 | I68: 0 | J68: 60000 | L68: 0 | M68: 0 | N68: 0 | O68: 이운범 | Q68: 0 | R68: 0 | S68: 0 | T68: 일반관리 | U68: 2026-08-28 | AB68: 6250-0327-5234-8984 | AG68: =IFERROR(VLOOKUP(AB68, 할인점점포등록!E:I, 5, 0), AB68) -> 6250-0327-5234-8984
B69: 일반분개전표(GAAP_IFRS) | C69: A0--20260831-0236 | D69: 001 | E69: A0-20260831-0175 | F69: 지급수수료/기타 | G69: 판관 | H69: 바로팜 연간 입점비 (2026.08~2027.07) | I69: 1000000 | J69: 0 | L69: 0 | M69: 0 | N69: 0 | O69: 이운범 | Q69: 0 | R69: 0 | S69: 0 | T69: 일반관리 | U69: 2026-08-31 | V69: 2026-08-31 | W69: OTC팀 | Y69: 5908101516 | AB69: 바로팜 | AG69: =IFERROR(VLOOKUP(AB69, 할인점점포등록!E:I, 5, 0), AB69) -> 바로팜
B70: 일반분개전표(GAAP_IFRS) | C70: A0--20260831-0236 | D70: 002 | E70: A0-20260831-0175 | F70: 미지급금/기타 | H70: 바로팜 연간 입점비 (2026.08~2027.07) | I70: 0 | J70: 1100000 | L70: 0 | M70: 0 | N70: 0 | O70: 이운범 | Q70: 0 | R70: 0 | S70: 0 | T70: 일반관리 | U70: 2026-08-31 | V70: 2026-08-31 | W70: OTC팀 | Y70: 5908101516 | AB70: 바로팜 | AG70: =IFERROR(VLOOKUP(AB70, 할인점점포등록!E:I, 5, 0), AB70) -> 바로팜
B71: 일반분개전표(GAAP_IFRS) | C71: A0--20260831-0236 | D71: 003 | E71: A0-20260831-0175 | F71: 부가세대급금 | H71: 바로팜 연간 입점비 (2026.08~2027.07) | I71: 100000 | J71: 0 | L71: 0 | M71: 0 | N71: 0 | O71: 이운범 | Q71: 0 | R71: 0 | S71: 0 | T71: 일반관리 | U71: 2026-08-31 | V71: 2026-08-31 | W71: OTC팀 | Y71: 5908101516 | AB71: 바로팜 | AC71: 2026-08-31 | AD71: 맥널티제약 주식회사 | AE71: 1,000,000 | AG71: =IFERROR(VLOOKUP(AB71, 할인점점포등록!E:I, 5, 0), AB71) -> 바로팜
B72: 일반분개전표(GAAP_IFRS) | C72: A0--20260803-0004 | D72: 001 | E72: A0-20260803-0006 | F72: 접대비 | G72: 판관 | H72: 음료(코스맥스파마) | I72: 22500 | J72: 0 | L72: 0 | M72: 0 | N72: 0 | O72: 권정일 | Q72: 0 | R72: 0 | S72: 0 | T72: 일반관리 | U72: 2026-08-03 | V72: 2026-08-03 | W72: CSO팀 | AG72: =IFERROR(VLOOKUP(AB72, 할인점점포등록!E:I, 5, 0), AB72)
B73: 일반분개전표(GAAP_IFRS) | C73: A0--20260803-0004 | D73: 002 | E73: A0-20260803-0006 | F73: 미지급금/카드 | H73: 음료(코스맥스파마) | I73: 0 | J73: 22500 | L73: 0 | M73: 0 | N73: 0 | O73: 권정일 | Q73: 0 | R73: 0 | S73: 0 | T73: 일반관리 | U73: 2026-08-03 | V73: 2026-08-03 | AB73: 6250-0321-8986-6954 | AG73: =IFERROR(VLOOKUP(AB73, 할인점점포등록!E:I, 5, 0), AB73) -> 6250-0321-8986-6954
B74: 일반분개전표(GAAP_IFRS) | C74: A0--20260803-0004 | D74: 003 | E74: A0-20260803-0006 | F74: 차량유지비 | G74: 판관 | H74: 유류비 | I74: 80000 | J74: 0 | L74: 0 | M74: 0 | N74: 0 | O74: 권정일 | Q74: 0 | R74: 0 | S74: 0 | T74: 일반관리 | U74: 2026-08-03 | V74: 2026-08-03 | W74: CSO팀 | AB74: 유류비 | AC74: 237하8454(영업) | AG74: =IFERROR(VLOOKUP(AB74, 할인점점포등록!E:I, 5, 0), AB74) -> 유류비
B75: 일반분개전표(GAAP_IFRS) | C75: A0--20260803-0004 | D75: 004 | E75: A0-20260803-0006 | F75: 미지급금/카드 | H75: 유류비 | I75: 0 | J75: 80000 | L75: 0 | M75: 0 | N75: 0 | O75: 권정일 | Q75: 0 | R75: 0 | S75: 0 | T75: 일반관리 | U75: 2026-08-03 | V75: 2026-08-03 | AB75: 6250-0321-8986-6954 | AG75: =IFERROR(VLOOKUP(AB75, 할인점점포등록!E:I, 5, 0), AB75) -> 6250-0321-8986-6954
B76: 일반분개전표(GAAP_IFRS) | C76: A0--20260803-0004 | D76: 005 | E76: A0-20260803-0006 | F76: 차량유지비 | G76: 판관 | H76: 세차비 | I76: 10000 | J76: 0 | L76: 0 | M76: 0 | N76: 0 | O76: 권정일 | Q76: 0 | R76: 0 | S76: 0 | T76: 일반관리 | U76: 2026-08-03 | V76: 2026-08-03 | W76: CSO팀 | AB76: 기타 | AC76: 237하8454(영업) | AG76: =IFERROR(VLOOKUP(AB76, 할인점점포등록!E:I, 5, 0), AB76) -> 기타
B77: 일반분개전표(GAAP_IFRS) | C77: A0--20260803-0004 | D77: 006 | E77: A0-20260803-0006 | F77: 미지급금/카드 | H77: 세차비 | I77: 0 | J77: 10000 | L77: 0 | M77: 0 | N77: 0 | O77: 권정일 | Q77: 0 | R77: 0 | S77: 0 | T77: 일반관리 | U77: 2026-08-03 | V77: 2026-08-03 | AB77: 6250-0321-8986-6954 | AG77: =IFERROR(VLOOKUP(AB77, 할인점점포등록!E:I, 5, 0), AB77) -> 6250-0321-8986-6954
B78: 일반분개전표(GAAP_IFRS) | C78: A0--20260803-0005 | D78: 001 | E78: A0-20260803-0002 | F78: 지급수수료/기타 | G78: 판관 | H78: 전자계약서(파피리스)사용료 | I78: 100000 | J78: 0 | L78: 0 | M78: 0 | N78: 0 | O78: 김화니 | Q78: 0 | R78: 0 | S78: 0 | T78: 일반관리 | U78: 2026-08-03 | V78: 2026-08-03 | W78: CSO팀 | Y78: 1078632243 | AB78: 데이터코리아 | AG78: =IFERROR(VLOOKUP(AB78, 할인점점포등록!E:I, 5, 0), AB78) -> 데이터코리아
B79: 일반분개전표(GAAP_IFRS) | C79: A0--20260803-0005 | D79: 002 | E79: A0-20260803-0002 | F79: 부가세대급금 | H79: 전자계약서(파피리스)사용료 | I79: 10000 | J79: 0 | L79: 0 | M79: 0 | N79: 0 | O79: 김화니 | Q79: 0 | R79: 0 | S79: 0 | T79: 일반관리 | U79: 2026-08-03 | V79: 2026-08-03 | Y79: 1078632243 | AB79: 데이터코리아 | AC79: 2026-08-03 | AD79: 맥널티제약 주식회사 | AE79: 100,000 | AG79: =IFERROR(VLOOKUP(AB79, 할인점점포등록!E:I, 5, 0), AB79) -> 데이터코리아
B80: 일반분개전표(GAAP_IFRS) | C80: A0--20260803-0005 | D80: 003 | E80: A0-20260803-0002 | F80: 미지급금/기타 | H80: 전자계약서(파피리스)사용료 | I80: 0 | J80: 110000 | L80: 0 | M80: 0 | N80: 0 | O80: 김화니 | Q80: 0 | R80: 0 | S80: 0 | T80: 일반관리 | U80: 2026-08-03 | V80: 2026-08-03 | Y80: 1078632243 | AB80: 데이터코리아 | AG80: =IFERROR(VLOOKUP(AB80, 할인점점포등록!E:I, 5, 0), AB80) -> 데이터코리아
B81: 입금다중입력(잔액기준) | C81: A0--20260803-0008 | D81: 001 | E81: A0-20260803-0004 | F81: 가수금 | H81: 2026-08-03 (주)제일팜 기업/신촌 | I81: 18030600 | J81: 0 | L81: 0 | M81: 0 | N81: 0 | O81: 공수진 | Q81: 0 | R81: 0 | S81: 0 | T81: 판매관리 | U81: 2026-08-03 | V81: 2026-08-03 | AB81: 입금통보 | AG81: =IFERROR(VLOOKUP(AB81, 할인점점포등록!E:I, 5, 0), AB81) -> 입금통보
B82: 입금다중입력(잔액기준) | C82: A0--20260803-0008 | D82: 002 | E82: A0-20260803-0004 | F82: 가수금 | H82: 2026-08-03 (주)월드약품 기업/신촌 | I82: 4099356 | J82: 0 | L82: 0 | M82: 0 | N82: 0 | O82: 공수진 | Q82: 0 | R82: 0 | S82: 0 | T82: 판매관리 | U82: 2026-08-03 | V82: 2026-08-03 | AB82: 입금통보 | AG82: =IFERROR(VLOOKUP(AB82, 할인점점포등록!E:I, 5, 0), AB82) -> 입금통보
B83: 입금다중입력(잔액기준) | C83: A0--20260803-0008 | D83: 003 | E83: A0-20260803-0004 | F83: 국내외상매출금 | H83: 2026-08-03 제일팜 | I83: 0 | J83: 18030600 | L83: 0 | M83: 0 | N83: 0 | O83: 공수진 | Q83: 0 | R83: 0 | S83: 0 | T83: 판매관리 | U83: 2026-08-03 | V83: 2026-08-03 | W83: CSO팀 | Y83: 1368600583 | AB83: 제일팜 | AG83: =IFERROR(VLOOKUP(AB83, 할인점점포등록!E:I, 5, 0), AB83) -> 제일팜
B84: 입금다중입력(잔액기준) | C84: A0--20260803-0008 | D84: 004 | E84: A0-20260803-0004 | F84: 국내외상매출금 | H84: 2026-08-03 월드약품 | I84: 0 | J84: 4099356 | L84: 0 | M84: 0 | N84: 0 | O84: 공수진 | Q84: 0 | R84: 0 | S84: 0 | T84: 판매관리 | U84: 2026-08-03 | V84: 2026-08-03 | W84: CSO팀 | Y84: 8118700982 | AB84: 월드약품 | AG84: =IFERROR(VLOOKUP(AB84, 할인점점포등록!E:I, 5, 0), AB84) -> 월드약품
B85: 일반분개전표(GAAP_IFRS) | C85: A0--20260803-0015 | D85: 001 | F85: 접대비 | G85: 판관 | H85: 접대비 지출건 | I85: 10700 | J85: 0 | L85: 0 | M85: 0 | N85: 0 | O85: 문혁표 | Q85: 0 | R85: 0 | S85: 0 | T85: 일반관리 | U85: 2026-08-03 | W85: CSO팀 | AG85: =IFERROR(VLOOKUP(AB85, 할인점점포등록!E:I, 5, 0), AB85)
B86: 일반분개전표(GAAP_IFRS) | C86: A0--20260803-0015 | D86: 002 | F86: 미지급금/카드 | H86: 접대비 지출건 | I86: 0 | J86: 10700 | L86: 0 | M86: 0 | N86: 0 | O86: 문혁표 | Q86: 0 | R86: 0 | S86: 0 | T86: 일반관리 | U86: 2026-08-03 | AB86: 6250-0309-0782-9981 | AG86: =IFERROR(VLOOKUP(AB86, 할인점점포등록!E:I, 5, 0), AB86) -> 6250-0309-0782-9981
B87: 일반분개전표(GAAP_IFRS) | C87: A0--20260803-0016 | D87: 001 | F87: 여비교통비/국내 | G87: 판관 | H87: 대리운전비 지출건 | I87: 46000 | J87: 0 | L87: 0 | M87: 0 | N87: 0 | O87: 문혁표 | Q87: 0 | R87: 0 | S87: 0 | T87: 일반관리 | U87: 2026-08-03 | W87: CSO팀 | AG87: =IFERROR(VLOOKUP(AB87, 할인점점포등록!E:I, 5, 0), AB87)
B88: 일반분개전표(GAAP_IFRS) | C88: A0--20260803-0016 | D88: 002 | F88: 미지급금/카드 | H88: 대리운전비 지출건 | I88: 0 | J88: 46000 | L88: 0 | M88: 0 | N88: 0 | O88: 문혁표 | Q88: 0 | R88: 0 | S88: 0 | T88: 일반관리 | U88: 2026-08-03 | AB88: 6250-0309-0782-9981 | AG88: =IFERROR(VLOOKUP(AB88, 할인점점포등록!E:I, 5, 0), AB88) -> 6250-0309-0782-9981
B89: 일반분개전표(GAAP_IFRS) | C89: A0--20260804-0002 | D89: 001 | E89: A0-20260804-0003 | F89: 복리후생비/식대 | G89: 판관 | H89: 음료 | I89: 10636 | J89: 0 | L89: 0 | M89: 0 | N89: 0 | O89: 권정일 | Q89: 0 | R89: 0 | S89: 0 | T89: 일반관리 | U89: 2026-08-04 | V89: 2026-08-04 | W89: CSO팀 | AB89: 식대 | AG89: =IFERROR(VLOOKUP(AB89, 할인점점포등록!E:I, 5, 0), AB89) -> 식대
B90: 일반분개전표(GAAP_IFRS) | C90: A0--20260804-0002 | D90: 002 | E90: A0-20260804-0003 | F90: 부가세대급금 | H90: 부가세 | I90: 1064 | J90: 0 | L90: 0 | M90: 0 | N90: 0 | O90: 권정일 | Q90: 0 | R90: 0 | S90: 0 | T90: 일반관리 | U90: 2026-08-04 | V90: 2026-08-04 | Y90: 2018121515 | AB90: 스타벅스 | AC90: 2026-08-04 | AD90: 맥널티제약 주식회사 | AE90: 10,636 | AF90: 6250-0321-8986-6954 | AG90: =IFERROR(VLOOKUP(AB90, 할인점점포등록!E:I, 5, 0), AB90) -> 스타벅스
B91: 일반분개전표(GAAP_IFRS) | C91: A0--20260804-0002 | D91: 003 | E91: A0-20260804-0003 | F91: 미지급금/카드 | H91: 음료 | I91: 0 | J91: 11700 | L91: 0 | M91: 0 | N91: 0 | O91: 권정일 | Q91: 0 | R91: 0 | S91: 0 | T91: 일반관리 | U91: 2026-08-04 | V91: 2026-08-04 | AB91: 6250-0321-8986-6954 | AG91: =IFERROR(VLOOKUP(AB91, 할인점점포등록!E:I, 5, 0), AB91) -> 6250-0321-8986-6954
B92: 일반분개전표(GAAP_IFRS) | C92: A0--20260804-0002 | D92: 004 | E92: A0-20260804-0003 | F92: 접대비 | G92: 판관 | H92: 생일판촉(스마일유통) | I92: 21000 | J92: 0 | L92: 0 | M92: 0 | N92: 0 | O92: 권정일 | Q92: 0 | R92: 0 | S92: 0 | T92: 일반관리 | U92: 2026-08-04 | V92: 2026-08-04 | W92: CSO팀 | AG92: =IFERROR(VLOOKUP(AB92, 할인점점포등록!E:I, 5, 0), AB92)
B93: 일반분개전표(GAAP_IFRS) | C93: A0--20260804-0002 | D93: 005 | E93: A0-20260804-0003 | F93: 미지급금/카드 | H93: 생일판촉(스마일유통) | I93: 0 | J93: 21000 | L93: 0 | M93: 0 | N93: 0 | O93: 권정일 | Q93: 0 | R93: 0 | S93: 0 | T93: 일반관리 | U93: 2026-08-04 | V93: 2026-08-04 | AB93: 6250-0321-8986-6954 | AG93: =IFERROR(VLOOKUP(AB93, 할인점점포등록!E:I, 5, 0), AB93) -> 6250-0321-8986-6954
B94: 일반분개전표(GAAP_IFRS) | C94: A0--20260804-0002 | D94: 006 | E94: A0-20260804-0003 | F94: 복리후생비/식대 | G94: 판관 | H94: 음료 | I94: 5910 | J94: 0 | L94: 0 | M94: 0 | N94: 0 | O94: 권정일 | Q94: 0 | R94: 0 | S94: 0 | T94: 일반관리 | U94: 2026-08-04 | V94: 2026-08-04 | W94: CSO팀 | AB94: 식대 | AG94: =IFERROR(VLOOKUP(AB94, 할인점점포등록!E:I, 5, 0), AB94) -> 식대
B95: 일반분개전표(GAAP_IFRS) | C95: A0--20260804-0002 | D95: 007 | E95: A0-20260804-0003 | F95: 부가세대급금 | H95: 부가세 | I95: 590 | J95: 0 | L95: 0 | M95: 0 | N95: 0 | O95: 권정일 | Q95: 0 | R95: 0 | S95: 0 | T95: 일반관리 | U95: 2026-08-04 | V95: 2026-08-04 | Y95: 8378103150 | AB95: 엠제이티에프엔비 | AC95: 2026-08-04 | AD95: 맥널티제약 주식회사 | AE95: 5,910 | AF95: 6250-0321-8986-6954 | AG95: =IFERROR(VLOOKUP(AB95, 할인점점포등록!E:I, 5, 0), AB95) -> 엠제이티에프엔비
B96: 일반분개전표(GAAP_IFRS) | C96: A0--20260804-0002 | D96: 008 | E96: A0-20260804-0003 | F96: 미지급금/카드 | H96: 음료 | I96: 0 | J96: 6500 | L96: 0 | M96: 0 | N96: 0 | O96: 권정일 | Q96: 0 | R96: 0 | S96: 0 | T96: 일반관리 | U96: 2026-08-04 | V96: 2026-08-04 | AB96: 6250-0321-8986-6954 | AG96: =IFERROR(VLOOKUP(AB96, 할인점점포등록!E:I, 5, 0), AB96) -> 6250-0321-8986-6954
B97: 일반분개전표(GAAP_IFRS) | C97: A0--20260804-0002 | D97: 009 | E97: A0-20260804-0003 | F97: 접대비 | G97: 판관 | H97: 음료(위드원) | I97: 12000 | J97: 0 | L97: 0 | M97: 0 | N97: 0 | O97: 권정일 | Q97: 0 | R97: 0 | S97: 0 | T97: 일반관리 | U97: 2026-08-04 | V97: 2026-08-04 | W97: CSO팀 | AG97: =IFERROR(VLOOKUP(AB97, 할인점점포등록!E:I, 5, 0), AB97)
B98: 일반분개전표(GAAP_IFRS) | C98: A0--20260804-0002 | D98: 010 | E98: A0-20260804-0003 | F98: 미지급금/카드 | H98: 음료(위드원) | I98: 0 | J98: 12000 | L98: 0 | M98: 0 | N98: 0 | O98: 권정일 | Q98: 0 | R98: 0 | S98: 0 | T98: 일반관리 | U98: 2026-08-04 | V98: 2026-08-04 | AB98: 6250-0321-8986-6954 | AG98: =IFERROR(VLOOKUP(AB98, 할인점점포등록!E:I, 5, 0), AB98) -> 6250-0321-8986-6954
B99: 일반분개전표(GAAP_IFRS) | C99: A0--20260804-0002 | D99: 011 | E99: A0-20260804-0003 | F99: 접대비 | G99: 판관 | H99: 간식(위드원) | I99: 11000 | J99: 0 | L99: 0 | M99: 0 | N99: 0 | O99: 권정일 | Q99: 0 | R99: 0 | S99: 0 | T99: 일반관리 | U99: 2026-08-04 | V99: 2026-08-04 | W99: CSO팀 | AG99: =IFERROR(VLOOKUP(AB99, 할인점점포등록!E:I, 5, 0), AB99)
B100: 일반분개전표(GAAP_IFRS) | C100: A0--20260804-0002 | D100: 012 | E100: A0-20260804-0003 | F100: 미지급금/카드 | H100: 간식(위드원) | I100: 0 | J100: 11000 | L100: 0 | M100: 0 | N100: 0 | O100: 권정일 | Q100: 0 | R100: 0 | S100: 0 | T100: 일반관리 | U100: 2026-08-04 | V100: 2026-08-04 | AB100: 6250-0321-8986-6954 | AG100: =IFERROR(VLOOKUP(AB100, 할인점점포등록!E:I, 5, 0), AB100) -> 6250-0321-8986-6954
...

Sheet 입금다중입력(잔액기준)
A1: 회계처리선택 | B1: 사업부문 | C1: 입금번호 | D1: 입금일 | E1: 거래처 | F1: 비고 | G1: 거래처번호 | H1: 통화 | I1: 환율 | J1: 입금구분 | K1: 부서 | L1: 담당자 | M1: 상대정산항목 | N1: 입금액 | O1: 원화입금액 | P1: 차대구분 | Q1: 입금은행 | R1: 계좌 | S1: 수수료 | T1: 관리번호 | U1: 발행일 | V1: 만기일 | W1: 발행인 | X1: 배서인 | Y1: 선수금대체 | Z1: 대체완료 | AA1: 입금표번호 | AB1: 전표번호 | AC1: 가수금전표번호 | AD1: 차변계정 | AE1: 대변계정 | AF1: 입금통보일 | AG1: 작성자 | AH1: 담당자변환
B2: 제약사업부 | C2: 202609010001 | D2: 2026-09-01 | E2: 앤플러스팜 | F2: (주)앤플러스팜 | H2: KRW | I2: 1 | J2: 가수금 | K2: CSO팀 | L2: 김화니 | M2: 국내외상매출금 | N2: 5339700 | O2: 5339700 | P2: 차변 | Q2: 기업/신촌 | R2: 043-125337-01-021 | S2: 0 | Y2: FALSE | Z2: FALSE | AB2: A0--20260901-0011-002 | AC2: A0--20260901-0007-002 | AD2: 가수금 | AG2: 공수진 | AH2: =VLOOKUP(E2,Data!B:D,3,0) -> 김화니
B3: 제약사업부 | C3: 202609020001 | D3: 2026-09-02 | E3: 에버에코 | F3: 주식회사에버에코 | H3: KRW | I3: 1 | J3: 가수금 | K3: CSO팀 | L3: 김화니 | M3: 국내외상매출금 | N3: 324000 | O3: 324000 | P3: 차변 | Q3: 기업/신촌 | R3: 043-125337-01-021 | S3: 0 | Y3: FALSE | Z3: FALSE | AB3: A0--20260902-0007-008 | AC3: A0--20260902-0004-006 | AD3: 가수금 | AG3: 공수진 | AH3: =VLOOKUP(E3,Data!B:D,3,0) -> 김화니
B4: 제약사업부 | C4: 202609020002 | D4: 2026-09-02 | E4: 준메디플러스 | F4: 주식회사준메디플러 | H4: KRW | I4: 1 | J4: 가수금 | K4: CSO팀 | L4: 김화니 | M4: 국내외상매출금 | N4: 1014120 | O4: 1014120 | P4: 차변 | Q4: 기업/신촌 | R4: 043-125337-01-021 | S4: 0 | Y4: FALSE | Z4: FALSE | AB4: A0--20260902-0007-008 | AC4: A0--20260902-0004-007 | AD4: 가수금 | AG4: 공수진 | AH4: =VLOOKUP(E4,Data!B:D,3,0) -> 김화니
B5: 제약사업부 | C5: 202609020003 | D5: 2026-09-02 | E5: 조이메디(대전) | F5: 조이메디주식회사 | H5: KRW | I5: 1 | J5: 가수금 | K5: CSO팀 | L5: 김화니 | M5: 국내외상매출금 | N5: 697770 | O5: 697770 | P5: 차변 | Q5: 기업/신촌 | R5: 043-125337-01-021 | S5: 0 | Y5: FALSE | Z5: FALSE | AB5: A0--20260902-0007-008 | AC5: A0--20260902-0004-008 | AD5: 가수금 | AG5: 공수진 | AH5: =VLOOKUP(E5,Data!B:D,3,0) -> 김화니
B6: 제약사업부 | C6: 202609020004 | D6: 2026-09-02 | E6: 씨앤씨팜코어 | F6: 씨앤씨팜코어주식회 | H6: KRW | I6: 1 | J6: 가수금 | K6: 의료기기팀 | L6: 권정일1 | M6: 국내외상매출금 | N6: 770000 | O6: 770000 | P6: 차변 | Q6: 기업/신촌 | R6: 043-125337-01-021 | S6: 0 | Y6: FALSE | Z6: FALSE | AB6: A0--20260902-0007-008 | AC6: A0--20260902-0004-005 | AD6: 가수금 | AG6: 공수진 | AH6: =VLOOKUP(E6,Data!B:D,3,0) -> 권정일1
B7: 제약사업부 | C7: 202609040003 | D7: 2026-09-04 | E7: 365단아약국 | F7: 바로팜-baroph | H7: KRW | I7: 1 | J7: 가수금 | K7: OTC팀 | L7: 이운범 | M7: 국내외상매출금 | N7: 40080 | O7: 40080 | P7: 차변 | Q7: 기업/신촌 | R7: 043-125337-01-021 | S7: 0 | Y7: FALSE | Z7: FALSE | AC7: A0--20260904-0004-003 | AD7: 가수금 | AG7: 공수진 | AH7: =VLOOKUP(E7,Data!B:D,3,0) -> 이운범
B8: 제약사업부 | C8: 202609040008 | D8: 2026-09-04 | E8: 바른길약국 | F8: 피코이노베이션 | H8: KRW | I8: 1 | J8: 가수금 | K8: OTC팀 | L8: 이운범 | M8: 국내외상매출금 | N8: 45744 | O8: 45744 | P8: 차변 | Q8: 기업/신촌 | R8: 043-125337-01-021 | S8: 0 | Y8: FALSE | Z8: FALSE | AB8: A0--20260904-0006-004 | AC8: A0--20260904-0004-004 | AD8: 가수금 | AG8: 공수진 | AH8: =VLOOKUP(E8,Data!B:D,3,0) -> 이운범
B9: 제약사업부 | C9: 202609040009 | D9: 2026-09-04 | E9: 참약사엘림약국 | F9: 피코이노베이션 | H9: KRW | I9: 1 | J9: 가수금 | K9: OTC팀 | L9: 이운범 | M9: 국내외상매출금 | N9: 45744 | O9: 45744 | P9: 차변 | Q9: 기업/신촌 | R9: 043-125337-01-021 | S9: 0 | Y9: FALSE | Z9: FALSE | AB9: A0--20260904-0006-004 | AC9: A0--20260904-0004-004 | AD9: 가수금 | AG9: 공수진 | AH9: =VLOOKUP(E9,Data!B:D,3,0) -> 이운범

Sheet 거래처별담당자
B1: 선택 | C1: 거래처 | D1: 거래처번호 | E1: 담당자 | F1: 부서 | G1: 시작일
H2: < 고정
H3: < 고정
H4: < 고정
H5: < 고정
H6: < 고정
H7: < 고정
H8: < 고정
H9: < 고정
H10: < 고정
H11: < 고정
H12: < 고정
H13: < 고정
B14: 선택 | C14: 거래처 | D14: 거래처번호 | E14: 담당자 | F14: 부서 | G14: 시작일
C15: 엠에이치헬스케어 | E15: 이운범 | F15: CMO팀 | G15: 2025-05-01
C16: 아주약품(사용x) | E16: 이운범 | F16: CMO팀 | G16: 2025-05-01
C17: 광동제약 | E17: 이운범 | F17: CMO팀 | G17: 2025-05-01
C18: 부광약품 | E18: 이운범 | F18: CMO팀 | G18: 2025-05-01
C19: 삼진제약 | E19: 이운범 | F19: CMO팀 | G19: 2025-05-01
C20: 한국팜비오 | E20: 이운범 | F20: CMO팀 | G20: 2025-05-01
C21: 아주약품(주) 평택공장 | E21: 이운범 | F21: CMO팀 | G21: 2025-05-01
C22: 고려제약 | E22: 이운범 | F22: CMO팀 | G22: 2025-11-01
C23: 메디코스파마 | E23: 김화니 | F23: CSO팀 | G23: 2025-05-01
C24: 스프링클 | E24: 이운범 | F24: CMO팀 | G24: 2025-05-01
C25: 삼아제약 | E25: 이운범 | F25: CMO팀 | G25: 2025-05-01
C26: 한솔약품 | E26: 김화니 | F26: CSO팀 | G26: 2025-05-01
... C292: 옵티마웰니스뮤지엄이태원약국 | E292: 이운범 | F292: OTC팀 | G292: 2026-09-01

Sheet 할인점점포등록
B1: 할인점 | C1: 점포코드 | D1: 점포명 | E1: 거래처 | F1: 물류센터 | G1: 물류센터창고 | H1: 출고창고
B2: 엠에이치헬스케어 | I2: =IF(B2="에브리데이리테일(대표)(구)", "에브리데이리테일(대표)", B2) -> 엠에이치헬스케어
B3: 아주약품(사용x) | I3: =IF(B3="에브리데이리테일(대표)(구)", "에브리데이리테일(대표)", B3) -> 아주약품(사용x)
B4: 광동제약 | I4: =IF(B4="에브리데이리테일(대표)(구)", "에브리데이리테일(대표)", B4) -> 광동제약
B5: 부광약품 | I5: =IF(B5="에브리데이리테일(대표)(구)", "에브리데이리테일(대표)", B5) -> 부광약품
B6: 삼진제약 | I6: =IF(B6="에브리데이리테일(대표)(구)", "에브리데이리테일(대표)", B6) -> 삼진제약
B7: 한국팜비오 | I7: =IF(B7="에브리데이리테일(대표)(구)", "에브리데이리테일(대표)", B7) -> 한국팜비오
B8: 아주약품(주) 평택공장 | I8: =IF(B8="에브리데이리테일(대표)(구)", "에브리데이리테일(대표)", B8) -> 아주약품(주) 평택공장
B9: 고려제약 | I9: =IF(B9="에브리데이리테일(대표)(구)", "에브리데이리테일(대표)", B9) -> 고려제약
B10: 메디코스파마 | I10: =IF(B10="에브리데이리테일(대표)(구)", "에브리데이리테일(대표)", B10) -> 메디코스파마
B11: 스프링클 | I11: =IF(B11="에브리데이리테일(대표)(구)", "에브리데이리테일(대표)", B11) -> 스프링클
B12: 삼아제약 | I12: =IF(B12="에브리데이리테일(대표)(구)", "에브리데이리테일(대표)", B12) -> 삼아제약
B13: 한솔약품 | I13: =IF(B13="에브리데이리테일(대표)(구)", "에브리데이리테일(대표)", B13) -> 한솔약품
... B279: 옵티마웰니스뮤지엄이태원약국 | I279: =IF(B279="에브리데이리테일(대표)(구)", "에브리데이리테일(대표)", B279) -> 옵티마웰니스뮤지엄이태원약국
A4424: A
A4425: A
A4426: A
A4427: A
A4428: A
A4429: A
A4430: A
A4431: A
A4432: A
A4433: A
A4434: A
A4435: A
... A4443: A
